,id,longitude,latitude,accuracy,time
0,136,-4.304171,55.8773867,14.037,11:15:38
1,137,-4.3038276,55.8773748,15.274,11:15:48
2,138,-4.3036724,55.87746,12.101,11:16:00
3,139,-4.3036132,55.8775031,42.486,11:16:04
4,140,-4.3032221,55.8773548,9.44,11:16:15
5,141,-4.3030318,55.8773037,44.113,11:16:19
6,142,-4.3029324,55.877463,10.325,11:17:36
7,143,-4.3029324,55.877463,11.929,11:17:37
8,144,-4.3029105,55.8774311,10.331,11:17:48
9,145,-4.302898,55.8774128,12.76,11:17:52
10,146,-4.302628,55.8773791,12.638,11:18:03
11,147,-4.3024043,55.8773506,11.983,11:18:07
12,148,-4.3026196,55.8773234,12.168,11:18:18
13,149,-4.302804,55.8773065,7.427,11:18:23
14,150,-4.3018155,55.8773698,13.262,11:18:33
15,151,-4.3015874,55.8773667,10.104,11:18:37
16,152,-4.3013769,55.8773205,11.044,11:18:48
17,153,-4.3010533,55.8772604,14.013,11:18:53
18,154,-4.3006529,55.8771847,5.116,11:19:04
19,155,-4.3005807,55.8771809,9.156,11:19:08
20,156,-4.3007138,55.8773226,9.109,11:19:19
21,157,-4.300787,55.8773972,8.588,11:19:23
22,158,-4.3009104,55.8775278,9.086,11:19:34
23,159,-4.3009735,55.877566,11.416,11:19:38
24,160,-4.3010847,55.877659,10.105,11:19:49
25,161,-4.301166,55.8777254,10.73,11:19:53
26,162,-4.301145,55.8778284,11.544,11:20:04
27,163,-4.3011219,55.8779771,12.73,11:20:08
28,164,-4.3011751,55.8781034,12.372,11:20:19
29,165,-4.3012115,55.8782078,11.231,11:20:23
30,166,-4.3011675,55.8782926,10.762,11:20:34
31,167,-4.3011331,55.8783754,43.193,11:20:38
32,168,-4.301087,55.8784926,6.77,11:20:49
33,169,-4.3011826,55.878367,4.89,11:20:53
34,170,-4.3008934,55.8786029,5.391,11:21:04
35,171,-4.3009936,55.8785796,15.366,11:21:08
36,172,-4.3007194,55.8787715,7.804,11:21:19
37,173,-4.3006174,55.8788452,42.626,11:21:23
38,174,-4.3005614,55.8789663,8.206,11:21:34
39,175,-4.3005178,55.8790365,43.049,11:21:38
40,176,-4.3002713,55.8790997,7.518,11:21:49
41,177,-4.3001751,55.8791478,42.376,11:21:53
42,178,-4.2999288,55.8792456,6.381,11:22:04
43,179,-4.2998469,55.8792853,41.61,11:22:08
44,180,-4.2998502,55.8794102,8.718,11:22:19
45,181,-4.2998592,55.879471,43.572,11:22:23
46,182,-4.3000575,55.879481,4.7,11:22:34
47,183,-4.3001828,55.8794936,39.237,11:22:38
48,184,-4.300436,55.8794761,6.941,11:22:49
49,185,-4.3004581,55.8794846,5.931,11:22:53
50,186,-4.3007547,55.8795187,7.507,11:23:04
51,187,-4.3004956,55.8795183,6.3,11:23:08
52,188,-4.3009239,55.879671,6.916,11:23:19
53,189,-4.3010521,55.8797814,87.839,11:23:25
54,190,-4.3010744,55.8798474,14.654,11:23:36
55,191,-4.3010945,55.8799452,14.526,11:23:46
56,192,-4.3010017,55.8801332,8.877,11:23:57
57,193,-4.3010015,55.8802087,43.797,11:24:01
58,194,-4.3011389,55.8802836,7.263,11:24:12
59,195,-4.3012235,55.8803421,55.081,11:24:17
60,196,-4.3012085,55.880431,7.501,11:24:27
61,197,-4.3012709,55.8804558,46.988,11:24:32
62,198,-4.3014783,55.8804604,9.113,11:24:43
63,199,-4.3016182,55.8804637,44.092,11:24:47
64,200,-4.3018462,55.8804477,47.385,11:24:59
65,201,-4.3020782,55.8804088,15.947,11:25:05
66,202,-4.302363,55.8804146,14.052,11:25:17
67,203,-4.3024599,55.8804027,13.162,11:25:23
68,204,-4.302928,55.8804247,17.2,11:25:35
69,205,-4.3031825,55.8804437,17.074,11:25:41
70,206,-4.3032633,55.8804802,9.911,11:25:52
71,207,-4.3033364,55.8805017,90.862,11:25:59
72,208,-4.3034006,55.8805442,9.205,11:26:09
73,209,-4.3034112,55.8805874,76.631,11:26:15
74,210,-4.3033825,55.8806271,25.884,11:26:25
75,211,-4.3035389,55.8808247,19.252,11:26:34
76,212,-4.3037718,55.8808462,9.592,11:26:45
77,213,-4.3038938,55.8808747,44.177,11:26:49
78,214,-4.3039388,55.8806888,4.933,11:27:00
79,215,-4.3039924,55.880609,39.724,11:27:04
80,216,-4.3040138,55.8804813,7.607,11:27:15
81,217,-4.3039519,55.8806391,7.112,11:27:19
82,218,-4.3041075,55.880277,4.448,11:27:30
83,219,-4.3042436,55.880203,19.843,11:27:34
84,220,-4.3043136,55.8801131,4.237,11:27:45
85,221,-4.3044074,55.8800873,39.346,11:27:49
86,222,-4.3046242,55.8800999,8.646,11:28:00
87,223,-4.3048208,55.8801485,43.728,11:28:04
88,224,-4.3054591,55.8798643,6.494,11:29:28
89,225,-4.305481,55.8798458,7.396,11:29:39
90,226,-4.3055125,55.8798149,13.493,11:29:44
91,227,-4.3056409,55.8795907,18.17,11:29:56
92,228,-4.3057291,55.8794816,18.518,11:30:02
93,229,-4.306064,55.8795407,18.969,11:30:14
94,230,-4.3063319,55.8796333,18.394,11:30:20
95,231,-4.3065837,55.8796865,13.371,11:30:32
96,232,-4.3066425,55.8797004,12.526,11:30:38
97,233,-4.3069686,55.8797496,9.736,11:30:49
98,234,-4.3070764,55.8797668,13.762,11:30:53
99,235,-4.3000729,55.8771411,33.594,12:35:32
100,236,-4.3000941,55.8771675,26.91,12:35:32
101,237,-4.3000834,55.8771609,26.973,12:35:32
102,238,-4.3001364,55.8771056,42.439,12:35:34
103,239,-4.3001501,55.8771779,163.799,12:35:42
104,240,-4.2942149,55.8749092,16.581,12:43:10
105,241,-4.294258,55.874927,18.497,12:43:22
106,242,-4.2970247,55.8760365,24.578,09:52:27
107,243,-4.2971351,55.8761429,19.329,09:52:27
108,244,-4.2969354,55.8760001,16.387,09:52:34
109,245,-4.2968737,55.8759521,15.892,09:52:35
110,246,-4.2967566,55.875882,15.926,09:52:40
111,247,-4.296669,55.8757455,12.869,09:52:52
112,248,-4.2965542,55.8756838,10.588,09:52:55
113,249,-4.2965141,55.8756195,9.771,09:53:06
114,250,-4.296418,55.8755326,12.791,09:53:10
115,251,-4.2964192,55.8754421,11.056,09:53:21
116,252,-4.2965331,55.8755998,3.773,09:53:25
117,253,-4.2963692,55.8752343,10.46,09:53:37
118,254,-4.2962952,55.8751403,10.671,09:53:40
119,255,-4.2962653,55.8751088,9.269,09:53:52
120,256,-4.2961393,55.8751753,8.448,09:53:55
121,257,-4.2958754,55.875057,12.507,09:54:07
122,258,-4.2957144,55.8749776,10.251,09:54:10
123,259,-4.2954968,55.8749525,8.978,09:54:21
124,260,-4.2952744,55.8749215,6.433,09:54:25
125,261,-4.2952136,55.8748829,7.247,09:54:37
126,262,-4.2950071,55.8747968,13.792,09:54:40
127,263,-4.2948153,55.8747547,12.465,09:54:51
128,264,-4.2946396,55.874718,9.655,09:54:55
129,265,-4.2946546,55.8746503,9.367,09:55:06
130,266,-4.294709,55.8745041,11.114,09:55:10
131,267,-4.2947693,55.8744528,10.164,09:55:21
132,268,-4.2949869,55.8743485,14.148,09:55:25
133,269,-4.2949797,55.8742829,14.068,09:55:36
134,270,-4.2949646,55.8742075,13.982,09:55:40
135,271,-4.2950036,55.8741922,8.292,09:55:52
136,272,-4.2950135,55.8741907,11.018,09:55:55
137,273,-4.2950302,55.8742416,6.715,09:56:07
138,274,-4.295036,55.8742517,9.482,09:56:10
139,275,-4.291521,55.8737612,38.082,12:59:43
140,276,-4.2915362,55.8737609,31.742,12:59:45
141,277,-4.2916468,55.8737456,16.948,12:59:55
142,278,-4.2911524,55.8734043,27.047,13:00:46
143,279,-4.2911201,55.8731473,23.437,13:00:57
144,280,-4.2911036,55.8732865,11.562,13:01:06
145,281,-4.291099,55.8732682,13.828,13:01:15
146,282,-4.290892,55.8729094,19.841,13:01:20
147,283,-4.2907161,55.8727555,19.222,13:01:31
148,284,-4.2906746,55.8727204,17.583,13:01:37
149,285,-4.2906031,55.8726659,25.912,13:01:44
150,286,-4.2904155,55.872622,37.0,13:01:53
151,287,-4.2899385,55.8726197,9.209,13:02:01
152,288,-4.2898692,55.8726174,9.361,13:02:09
153,289,-4.2897844,55.8726013,45.6,13:02:17
154,290,-4.2895812,55.8726021,24.25,13:02:27
155,291,-4.2892672,55.8725277,8.109,13:02:37
156,292,-4.2891879,55.8725127,8.109,13:02:41
157,293,-4.2891238,55.8725386,7.458,13:02:53
158,294,-4.2891082,55.8725587,6.808,13:02:59
159,295,-4.2890951,55.872547,7.588,13:03:10
160,296,-4.289093,55.8725452,7.588,13:03:15
161,297,-4.2891571,55.8723096,7.012,13:03:25
162,298,-4.2892149,55.8720909,6.437,13:03:29
163,299,-4.2891993,55.8720819,10.737,13:03:41
164,300,-4.2891806,55.8720814,12.192,13:03:41
165,301,-4.2888505,55.8720387,16.636,13:03:47
166,302,-4.288757,55.872035,16.207,13:03:59
167,303,-4.2887288,55.8720392,14.751,13:03:59
168,304,-4.2885157,55.8720307,8.19,13:04:05
169,305,-4.2884266,55.872036,30.217,13:04:17
170,306,-4.2880922,55.8718494,22.243,13:04:24
171,307,-4.2877805,55.8717688,26.488,13:04:35
172,308,-4.2875449,55.8717359,21.282,13:04:41
173,309,-4.2872704,55.8717229,21.856,13:04:53
174,310,-4.2872485,55.8717697,18.24,13:04:59
175,311,-4.2871878,55.8719155,7.471,13:05:10
176,312,-4.2871688,55.8719254,7.471,13:05:14
177,313,-4.2869906,55.8719148,7.251,13:05:25
178,314,-4.2866512,55.871895,6.812,13:05:29
179,315,-4.286587,55.8718863,14.157,13:05:39
180,316,-4.2865439,55.8718899,11.398,13:05:44
181,317,-4.2865331,55.8719049,16.78,13:05:56
182,318,-4.2859278,55.8718426,21.771,13:06:02
183,319,-4.2856855,55.8717836,18.101,13:06:13
184,320,-4.2856154,55.8717632,12.377,13:06:18
185,321,-4.2857088,55.8717579,14.96,13:06:29
186,322,-4.285715,55.8716906,49.465,13:06:35
187,323,-4.2859634,55.8712945,5.966,13:06:46
188,324,-4.2859834,55.8712637,5.966,13:06:50
189,325,-4.2860026,55.8712353,6.224,13:07:01
190,326,-4.2860642,55.8711485,6.741,13:07:05
191,327,-4.2860721,55.871139,18.871,13:07:17
192,328,-4.2863543,55.8710498,27.781,13:07:23
193,329,-4.2866106,55.8708479,8.414,13:07:34
194,330,-4.2867549,55.8708119,12.552,13:07:38
195,331,-4.2868368,55.8708261,12.756,13:07:50
196,332,-4.2869234,55.8708455,14.069,13:07:56
197,333,-4.2872149,55.8707783,14.612,13:08:08
198,334,-4.2873444,55.8707589,14.132,13:08:14
199,335,-4.2876813,55.8707927,6.659,13:08:25
200,336,-4.2877329,55.8707976,6.659,13:08:29
201,337,-4.2877449,55.8707549,7.628,13:08:40
202,338,-4.2877525,55.870724,8.001,13:08:41
203,339,-4.2877496,55.8706028,8.747,13:08:44
204,340,-4.2878693,55.8707484,9.387,13:08:55
205,341,-4.2880869,55.8710093,14.069,13:08:59
206,342,-4.288315,55.8709837,12.841,13:09:10
207,343,-4.2884476,55.8709815,9.895,13:09:14
208,344,-4.2886015,55.8710041,10.87,13:09:25
209,345,-4.2885699,55.8710012,13.395,13:09:36
210,346,-4.2891116,55.8710642,8.758,13:09:47
211,347,-4.289202,55.8710852,16.332,13:09:49
212,348,-4.289326,55.8710966,18.598,13:09:59
213,349,-4.2894982,55.8710897,47.057,13:10:03
214,350,-4.2896363,55.8711316,8.577,13:10:14
215,351,-4.2896425,55.8711362,8.654,13:10:15
216,352,-4.289738,55.8711173,39.407,13:10:18
217,353,-4.2899618,55.8711865,42.457,13:10:29
218,354,-4.2900792,55.871205,48.779,13:10:33
219,355,-4.2900882,55.8711518,7.495,13:10:44
220,356,-4.2900569,55.871117,42.514,13:10:48
221,357,-4.2899531,55.8711481,52.989,13:11:00
222,358,-4.2898144,55.8713326,17.982,13:11:06
223,359,-4.2898727,55.8713996,18.689,13:11:18
224,360,-4.2899513,55.8714504,23.319,13:11:24
225,361,-4.2898074,55.8716272,10.674,13:11:35
226,362,-4.2897891,55.8717092,45.822,13:11:39
227,363,-4.2897904,55.8717696,4.68,13:11:50
228,364,-4.2897305,55.8717984,39.222,13:11:54
229,365,-4.2897296,55.8719511,5.13,13:12:05
230,366,-4.2896852,55.8720082,39.442,13:12:09
231,367,-4.2894899,55.8720116,6.727,13:12:20
232,368,-4.2896524,55.8718986,6.354,13:12:21
233,369,-4.2897646,55.8718529,4.126,13:12:24
234,370,-4.2893057,55.8720079,6.967,13:12:35
235,371,-4.2891415,55.8720527,8.569,13:12:39
236,372,-4.2890112,55.8720572,48.349,13:12:51
237,373,-4.2888401,55.8720413,17.478,13:12:57
238,374,-4.2886552,55.8720452,18.441,13:13:09
239,375,-4.2887918,55.8720485,20.44,13:13:16
240,376,-4.2885673,55.8719116,29.675,13:13:28
241,377,-4.2882983,55.8717697,20.695,13:13:34
242,378,-4.2880591,55.8717579,19.255,13:13:46
243,379,-4.2880353,55.8717498,68.8,13:13:52
244,380,-4.2880535,55.8716653,52.4,13:14:04
245,381,-4.2880305,55.8716692,44.537,13:14:10
246,382,-4.2878143,55.8713478,24.94,13:14:22
247,383,-4.2878637,55.8713912,21.707,13:14:28
248,384,-4.287804,55.8714344,20.009,13:14:40
249,385,-4.2877465,55.8714226,25.142,13:14:46
250,386,-4.2875541,55.8714357,9.69,13:14:57
251,387,-4.2874977,55.8714153,44.031,13:15:01
252,388,-4.2875713,55.8712921,49.986,13:15:13
253,389,-4.2876384,55.8711459,19.32,13:15:19
254,390,-4.2876628,55.8710895,17.254,13:15:31
255,391,-4.2877409,55.8711337,21.296,13:15:37
256,392,-4.2880426,55.8712088,25.509,13:15:49
257,393,-4.2881153,55.8711322,21.899,13:15:55
258,394,-4.2877454,55.8713521,9.98,13:16:06
259,395,-4.2876979,55.8713959,44.811,13:16:10
260,396,-4.2876043,55.8713506,10.509,13:16:21
261,397,-4.2875568,55.8713453,45.401,13:16:25
262,398,-4.2875389,55.8713636,62.569,13:16:37
263,399,-4.2879655,55.8715051,64.5,13:16:43
264,400,-4.2884719,55.8715202,20.708,13:16:55
265,401,-4.2887773,55.8715232,31.776,13:17:01
266,402,-4.2890035,55.8714403,23.803,13:17:13
267,403,-4.2884006,55.8712926,33.209,13:17:19
268,404,-4.2882659,55.8713103,35.634,13:17:31
269,405,-4.2882459,55.8714895,48.549,13:17:37
270,406,-4.2877776,55.8713951,33.721,13:17:49
271,407,-4.2880474,55.8713861,32.865,13:17:55
272,408,-4.2882991,55.8713959,27.43,13:18:07
273,409,-4.2884213,55.8712793,24.622,13:18:13
274,410,-4.2885593,55.871239,15.377,13:18:25
275,411,-4.2882506,55.8713212,33.415,13:18:31
276,412,-4.2884482,55.871236,9.365,13:18:42
277,413,-4.2884622,55.8712334,43.945,13:18:46
278,414,-4.288903,55.8712763,41.875,13:18:58
279,415,-4.2891275,55.8714126,29.749,13:19:04
280,416,-4.2894401,55.8713991,22.165,13:19:16
281,417,-4.2894602,55.8713009,21.085,13:19:22
282,418,-4.2892847,55.8714034,10.686,13:19:33
283,419,-4.2892452,55.8714154,45.147,13:19:37
284,420,-4.2892216,55.8714314,21.227,13:19:49
285,421,-4.2889602,55.8716794,21.33,13:19:55
286,422,-4.2889507,55.8717428,22.776,13:20:07
287,423,-4.2890536,55.8717028,20.866,13:20:13
288,424,-4.2891344,55.8716902,24.111,13:20:25
289,425,-4.2891446,55.8716924,22.595,13:20:25
290,426,-4.2891671,55.8716943,22.437,13:20:31
291,427,-4.2891206,55.871673,8.227,13:20:42
292,428,-4.2891149,55.8716691,12.27,13:20:46
293,429,-4.2890072,55.8716709,17.338,13:20:58
294,430,-4.2889422,55.8715398,49.638,13:21:04
295,431,-4.2890201,55.8716079,9.93,13:21:15
296,432,-4.2890248,55.8716119,13.906,13:21:19
297,433,-4.2890248,55.8716119,22.165,13:21:31
298,434,-4.2889267,55.8713555,32.335,13:21:37
299,435,-4.2893273,55.8713716,19.999,13:21:49
300,436,-4.2892354,55.8712676,32.05,13:21:55
301,437,-4.2892214,55.8712293,23.6,13:22:07
302,438,-4.2892572,55.8712489,77.7,13:22:13
303,439,-4.2892164,55.8708663,6.877,13:22:24
304,440,-4.2892191,55.8708569,6.896,13:22:25
305,441,-4.2891871,55.8708173,10.529,13:22:28
306,442,-4.2890716,55.8708637,9.939,13:22:39
307,443,-4.2890085,55.8708663,8.279,13:22:43
308,444,-4.288854,55.8708865,9.976,13:22:54
309,445,-4.2886046,55.8709249,13.937,13:23:00
310,446,-4.2885716,55.8709214,18.232,13:23:09
311,447,-4.2883714,55.8708955,22.902,13:23:18
312,448,-4.2878932,55.8707284,9.286,13:23:29
313,449,-4.2878616,55.8707136,9.326,13:23:30
314,450,-4.2877783,55.8706964,12.949,13:23:33
315,451,-4.2877069,55.8707227,13.636,13:23:44
316,452,-4.2875062,55.8707497,45.528,13:23:48
317,453,-4.2869132,55.8705881,11.966,13:24:18
318,454,-4.2868567,55.8705741,11.22,13:24:21
319,455,-4.2868407,55.8705617,96.0,13:24:33
320,456,-4.2868629,55.8708384,7.698,13:24:37
321,457,-4.2868486,55.8708284,8.92,13:24:48
322,458,-4.2868602,55.8708482,7.57,13:24:52
323,459,-4.2865876,55.8704099,4.481,13:25:03
324,460,-4.2865678,55.8703839,4.49,13:25:05
325,461,-4.2865592,55.8703541,7.674,13:25:07
326,462,-4.2865629,55.870316,9.143,13:25:18
327,463,-4.2865718,55.8702501,9.611,13:25:21
328,464,-4.2866062,55.870234,27.412,13:25:30
329,465,-4.2866068,55.8702334,38.865,13:25:39
330,466,-4.2862183,55.8699973,8.708,13:25:51
331,467,-4.2861856,55.8699783,8.736,13:25:53
332,468,-4.2861325,55.8699665,9.869,13:25:54
333,469,-4.2861598,55.8699551,16.821,13:26:03
334,470,-4.2861598,55.8699551,37.079,13:26:12
335,471,-4.2861598,55.8699551,50.598,13:26:21
336,472,-4.2861598,55.8699551,64.074,13:26:30
337,473,-4.2861598,55.8699551,70.678,13:26:36
338,474,-4.2861598,55.8699551,86.572,13:26:45
339,475,-4.2851172,55.8705173,9.625,13:26:56
340,476,-4.2851002,55.8705295,9.743,13:27:00
341,477,-4.2849525,55.8705228,9.228,13:27:08
342,478,-4.2847497,55.8704866,12.42,13:27:15
343,479,-4.2845696,55.8704434,8.844,13:27:23
344,480,-4.2844673,55.8704063,16.802,13:27:32
345,481,-4.2841038,55.870355,4.611,13:27:41
346,482,-4.2840269,55.8703554,12.516,13:27:50
347,483,-4.283743,55.8703771,8.222,13:28:00
348,484,-4.2837186,55.8703767,8.244,13:28:02
349,485,-4.2835243,55.8704138,8.243,13:28:11
350,486,-4.2834521,55.8704887,10.238,13:28:22
351,487,-4.2834059,55.8705165,19.259,13:28:28
352,488,-4.2832253,55.8706589,34.328,13:28:36
353,489,-4.283071,55.8708216,84.705,13:28:46
354,490,-4.2828905,55.8709931,9.367,13:28:55
355,491,-4.2828235,55.8710246,7.645,13:29:05
356,492,-4.2827822,55.87107,13.147,13:29:15
357,493,-4.2826654,55.8719384,26.503,13:29:22
358,494,-4.2823973,55.8714764,10.311,13:29:33
359,495,-4.2823813,55.8714509,10.341,13:29:35
360,496,-4.2822913,55.8714578,37.718,13:29:36
361,497,-4.2822373,55.8714952,41.106,13:29:48
362,498,-4.2821672,55.8715336,43.757,13:29:52
363,499,-4.2825295,55.8719927,23.178,13:31:11
364,500,-4.2824606,55.8720009,17.843,13:31:14
365,501,-4.2825027,55.8719449,28.049,13:31:25
366,502,-4.281715,55.8716701,6.428,13:31:33
367,503,-4.2816607,55.8716465,6.462,13:31:34
368,504,-4.2814733,55.8716075,5.979,13:31:45
369,505,-4.281307,55.8715882,6.575,13:31:47
370,506,-4.2814908,55.8715038,6.385,13:31:58
371,507,-4.2816112,55.8714498,8.581,13:32:02
372,508,-4.2816672,55.8713986,10.355,13:32:13
373,509,-4.281652,55.8714076,10.026,13:32:13
374,510,-4.2816821,55.8713493,14.423,13:32:24
375,511,-4.2817995,55.8712945,34.671,13:32:33
376,512,-4.2817122,55.8710054,8.218,13:32:43
377,513,-4.2816989,55.8709892,8.237,13:32:45
378,514,-4.2817144,55.8709583,11.431,13:32:46
379,515,-4.2816301,55.8708525,12.067,13:32:58
380,516,-4.2815597,55.8707153,12.898,13:33:01
381,517,-4.281657,55.8706783,13.125,13:33:13
382,518,-4.2816969,55.8706637,12.13,13:33:14
383,519,-4.281767,55.870621,12.301,13:33:16
384,520,-4.2817227,55.870649,14.063,13:33:28
385,521,-4.2816105,55.8707022,12.585,13:33:32
386,522,-4.281502,55.8704688,10.966,13:33:42
387,523,-4.2813692,55.8703433,14.122,13:33:47
388,524,-4.2813354,55.8702714,13.627,13:33:58
389,525,-4.2813265,55.8702461,12.272,13:33:58
390,526,-4.281285,55.8702088,11.373,13:34:02
391,527,-4.2812216,55.8701616,11.236,13:34:12
392,528,-4.2811992,55.8700849,45.838,13:34:17
393,529,-4.2813799,55.8701194,10.246,13:34:28
394,530,-4.2814096,55.8701324,10.366,13:34:29
395,531,-4.281528,55.8701664,37.831,13:34:32
396,532,-4.2816375,55.870177,33.419,13:34:42
397,533,-4.2817452,55.8701683,49.218,13:34:46
398,534,-4.2819135,55.8703034,6.028,13:34:58
399,535,-4.2819252,55.8703158,6.056,13:34:58
400,536,-4.2819222,55.8703851,83.787,13:35:02
401,537,-4.281775,55.8703674,30.753,13:35:12
402,538,-4.2817656,55.8703674,83.996,13:35:12
403,539,-4.2807806,55.8698767,15.69,13:35:16
404,540,-4.2816881,55.8701247,6.425,13:35:28
405,541,-4.2817541,55.8701381,6.446,13:35:30
406,542,-4.2818499,55.8701073,33.473,13:35:32
407,543,-4.2819455,55.8700172,28.332,13:35:43
408,544,-4.2819515,55.8700116,20.191,13:35:45
409,545,-4.2819967,55.8699678,31.298,13:35:46
410,546,-4.2821047,55.8698587,35.546,13:35:57
411,547,-4.282165,55.8697772,44.667,13:36:02
412,548,-4.2821894,55.8696756,5.096,13:36:12
413,549,-4.2822452,55.8696036,44.522,13:36:17
414,550,-4.2824211,55.8694878,10.361,13:36:27
415,551,-4.282523,55.8693963,49.838,13:36:33
416,552,-4.2824759,55.8693061,7.616,13:36:42
417,553,-4.2824832,55.8692754,25.892,13:36:50
418,554,-4.2824691,55.8691173,8.803,13:36:57
419,555,-4.2825201,55.8690704,9.65,13:37:07
420,556,-4.2823969,55.8690455,8.123,13:37:19
421,557,-4.2823847,55.8690102,18.64,13:37:20
422,558,-4.2823714,55.8688995,24.197,13:37:32
423,559,-4.2823641,55.8687902,63.891,13:37:35
424,560,-4.2823794,55.8687083,48.136,13:37:47
425,561,-4.2824071,55.868677,28.636,13:37:57
426,562,-4.2824248,55.86834,10.72,13:38:09
427,563,-4.2824248,55.86834,29.391,13:38:13
428,564,-4.2824399,55.8683642,10.713,13:38:24
429,565,-4.28244,55.8683643,18.646,13:38:30
430,566,-4.2829139,55.868226,10.208,13:38:36
431,567,-4.2829346,55.8681308,6.473,13:38:48
432,568,-4.2829325,55.868112,6.097,13:38:51
433,569,-4.282903,55.8680671,10.953,13:39:00
434,570,-4.282781,55.867881,96.877,13:39:09
435,571,-4.2825573,55.867793,5.765,13:39:20
436,572,-4.2825459,55.8677885,5.787,13:39:21
437,573,-4.2824447,55.8677628,33.195,13:39:23
438,574,-4.2822719,55.8677176,37.313,13:39:34
439,575,-4.2820889,55.8676652,45.791,13:39:38
440,576,-4.2818985,55.8676147,8.93,13:39:50
441,577,-4.2818836,55.8676103,9.171,13:39:51
442,578,-4.2819323,55.8676409,10.874,13:39:53
443,579,-4.2819328,55.8676411,41.195,13:40:05
444,580,-4.2818689,55.8676058,10.958,13:40:08
445,581,-4.2817831,55.867576,54.713,13:40:16
446,582,-4.280707,55.8665761,43.924,13:40:23
447,583,-4.2809016,55.8673429,5.08,13:40:35
448,584,-4.280898,55.8673544,5.088,13:40:35
449,585,-4.2808188,55.8673488,32.5,13:40:38
450,586,-4.280677,55.8673041,41.054,13:40:50
451,587,-4.2806649,55.8672992,34.563,13:40:51
452,588,-4.2805382,55.8672735,35.938,13:40:53
453,589,-4.280325,55.8672428,44.275,13:41:05
454,590,-4.2802831,55.8671874,22.227,13:41:08
455,591,-4.280273,55.8671603,47.254,13:41:20
456,592,-4.2798633,55.8674433,38.008,13:41:23
457,593,-4.2798273,55.8671324,10.041,13:41:35
458,594,-4.2797686,55.86707,28.256,13:41:38
459,595,-4.2797195,55.8670553,14.463,13:42:00
460,596,-4.2795915,55.8670081,10.943,13:42:00
461,597,-4.2796061,55.8669139,18.517,13:42:10
462,598,-4.2796203,55.866759,9.348,13:42:15
463,599,-4.2795741,55.866758,14.952,13:42:27
464,600,-4.2796631,55.8667594,12.437,13:42:33
465,601,-4.2796668,55.8667591,13.34,13:42:45
466,602,-4.2796734,55.8667643,11.884,13:42:47
467,603,-4.2797495,55.866816,11.569,13:42:48
468,604,-4.2799519,55.866885,19.576,13:43:00
469,605,-4.279992,55.866879,39.727,13:43:06
470,606,-4.2808726,55.8666254,16.775,13:43:18
471,607,-4.2811334,55.8666592,19.403,13:43:24
472,608,-4.2812122,55.8669006,8.176,13:43:35
473,609,-4.2812611,55.8669543,12.562,13:43:39
474,610,-4.2812107,55.8670858,12.788,13:43:51
475,611,-4.281209,55.8672456,12.795,13:43:54
476,612,-4.2814692,55.8673274,12.004,13:44:06
477,613,-4.2815295,55.8673478,10.498,13:44:07
478,614,-4.2816304,55.8673826,9.126,13:44:09
479,615,-4.2817667,55.8674756,9.163,13:44:20
480,616,-4.2818839,55.8675353,9.257,13:44:24
481,617,-4.2819979,55.8675312,11.812,13:44:36
482,618,-4.2823529,55.8675376,15.579,13:44:39
483,619,-4.2823335,55.8675336,22.326,13:44:51
484,620,-4.2822727,55.8675179,42.479,13:44:57
485,621,-4.2822727,55.8675179,58.722,13:45:09
486,622,-4.2822727,55.8675179,69.479,13:45:15
487,623,-4.283138,55.8678804,10.228,13:45:27
488,624,-4.2832323,55.8679124,13.368,13:45:30
489,625,-4.2832845,55.8679594,14.322,13:45:42
490,626,-4.2834292,55.8680513,11.231,13:45:45
491,627,-4.2834562,55.8680609,98.4,13:45:54
492,628,-4.2831203,55.8668672,87.6,13:46:04
493,629,-4.2839746,55.8680442,3.912,13:46:08
494,630,-4.2839043,55.8681079,85.575,13:46:18
495,631,-4.2836671,55.8677232,31.917,13:46:27
496,632,-4.2837349,55.8679813,7.379,13:46:38
497,633,-4.2838372,55.8680057,7.345,13:46:50
498,634,-4.2839413,55.8680417,17.866,13:46:52
499,635,-4.2840566,55.8681389,23.086,13:47:03
500,636,-4.2841781,55.8681969,34.391,13:47:07
501,637,-4.2841259,55.8681877,39.961,13:47:18
502,638,-4.2840961,55.8682172,26.303,13:47:28
503,639,-4.2849407,55.8682949,5.491,13:47:38
504,640,-4.284941,55.8683144,5.512,13:47:40
505,641,-4.2851149,55.8684175,5.478,13:47:50
506,642,-4.2853692,55.868565,6.275,13:48:02
507,643,-4.2854721,55.8686522,75.888,13:48:07
508,644,-4.2853739,55.8689328,7.484,13:48:18
509,645,-4.2853618,55.8689581,7.512,13:48:20
510,646,-4.285345,55.8689935,13.322,13:48:22
511,647,-4.2853777,55.8688232,6.773,13:48:31
512,648,-4.2853834,55.8687771,97.86,13:48:40
513,649,-4.2855676,55.8685793,8.935,13:48:51
514,650,-4.2855904,55.8685508,8.952,13:48:51
515,651,-4.2856508,55.8685463,14.716,13:48:55
516,652,-4.2858229,55.8686076,10.268,13:49:04
517,653,-4.2858433,55.868616,10.291,13:49:04
518,654,-4.2864101,55.8688207,14.768,13:49:39
519,655,-4.2865349,55.8688504,7.097,13:49:49
520,656,-4.2866336,55.8688707,13.147,13:50:00
521,657,-4.2866336,55.8688707,26.268,13:50:09
522,658,-4.2866336,55.8688707,30.708,13:50:12
523,659,-4.2867234,55.8693177,7.005,13:50:21
524,660,-4.286734,55.8693696,10.076,13:50:27
525,661,-4.2867261,55.8693296,16.829,13:50:36
526,662,-4.2867261,55.8693296,39.326,13:50:45
527,663,-4.2867261,55.8693296,40.743,13:50:48
528,664,-4.2867261,55.8693296,57.321,13:50:57
529,665,-4.2867261,55.8693296,70.839,13:51:06
530,666,-4.2867261,55.8693296,75.08,13:51:09
531,667,-4.2864242,55.8699261,8.797,13:51:17
532,668,-4.286415,55.8699634,13.23,13:51:24
533,669,-4.2916364,55.8731872,16.417,14:05:42
534,670,-4.2929973,55.873144,19.634,14:57:34
535,671,-4.292913,55.8731112,19.159,14:57:36
536,672,-4.2931116,55.8731319,16.725,14:57:42
537,673,-4.2928601,55.8731044,13.211,14:57:43
538,674,-4.2929561,55.8731067,17.215,14:57:44
539,675,-4.2929702,55.8731068,18.808,14:57:46
540,676,-4.2929757,55.8731066,23.013,14:57:48
541,677,-4.2929789,55.8731061,23.431,14:57:50
542,678,-4.2928463,55.8729711,9.701,14:57:51
543,679,-4.2928655,55.8729595,6.675,14:57:52
544,680,-4.2928683,55.8729589,6.867,14:57:53
545,681,-4.2928755,55.8729554,7.124,14:57:54
546,682,-4.2928807,55.8729528,7.509,14:57:55
547,683,-4.2928898,55.8729475,7.686,14:57:55
548,684,-4.2928969,55.8729433,7.858,14:57:56
549,685,-4.2929047,55.8729384,8.208,14:57:57
550,686,-4.2929124,55.8729333,8.555,14:57:58
551,687,-4.2929216,55.8729274,8.715,14:57:58
552,688,-4.2929299,55.8729221,9.047,14:57:59
553,689,-4.2929399,55.8729158,9.377,14:58:00
554,690,-4.2929474,55.8729109,9.703,14:58:01
555,691,-4.292861,55.8728774,6.799,14:58:02
556,692,-4.292863,55.8728661,6.64,14:58:03
557,693,-4.2928736,55.8728553,6.305,14:58:04
558,694,-4.2928892,55.8728446,5.865,14:58:04
559,695,-4.2929087,55.8728319,5.586,14:58:05
560,696,-4.2929306,55.8728194,4.957,14:58:08
561,697,-4.2929545,55.8728095,4.691,14:58:09
562,698,-4.292962,55.872806,4.818,14:58:10
563,699,-4.2929729,55.8728028,4.872,14:58:10
564,700,-4.2929873,55.8727974,4.977,14:58:11
565,701,-4.2930208,55.8727905,5.346,14:58:12
566,702,-4.2930382,55.872787,5.621,14:58:13
567,703,-4.2930582,55.8727824,5.935,14:58:13
568,704,-4.2930951,55.8727768,6.349,14:58:14
569,705,-4.2931194,55.8727727,6.552,14:58:14
570,706,-4.2931358,55.8727701,6.637,14:58:14
571,707,-4.2931544,55.8727659,6.545,14:58:15
572,708,-4.2931721,55.8727618,6.794,14:58:15
573,709,-4.2931874,55.8727583,7.08,14:58:16
574,710,-4.2932066,55.8727532,7.54,14:58:17
575,711,-4.2932199,55.8727501,8.012,14:58:17
576,712,-4.2932385,55.8727451,8.652,14:58:18
577,713,-4.2933169,55.8727404,9.965,14:58:20
578,714,-4.2933473,55.8727349,9.797,14:58:21
579,715,-4.2933678,55.8727315,9.639,14:58:22
580,716,-4.2933913,55.8727277,9.182,14:58:22
581,717,-4.2934145,55.8727243,8.587,14:58:23
582,718,-4.2934396,55.8727203,7.735,14:58:24
583,719,-4.2934646,55.8727165,8.267,14:58:25
584,720,-4.2934844,55.8727134,8.643,14:58:26
585,721,-4.2935077,55.8727099,9.699,14:58:26
586,722,-4.2935278,55.8727068,10.151,14:58:27
587,723,-4.2935537,55.8727027,11.069,14:58:28
588,724,-4.2935715,55.8726999,12.037,14:58:29
589,725,-4.2935973,55.8726958,13.11,14:58:29
590,726,-4.2936157,55.8726929,14.202,14:58:30
591,727,-4.2936376,55.8726894,15.368,14:58:31
592,728,-4.2936622,55.8726843,3.863,14:58:32
593,729,-4.2936834,55.8726793,3.863,14:58:33
594,730,-4.2937026,55.8726705,3.852,14:58:33
595,731,-4.2937185,55.8726602,3.863,14:58:34
596,732,-4.293734,55.8726503,3.872,14:58:35
597,733,-4.293752,55.8726423,3.883,14:58:36
598,734,-4.293778,55.8726367,3.885,14:58:37
599,735,-4.293786,55.8726353,4.097,14:58:37
600,736,-4.2937969,55.8726354,4.505,14:58:38
601,737,-4.2938061,55.8726353,4.822,14:58:39
602,738,-4.2938129,55.8726358,5.406,14:58:39
603,739,-4.2938184,55.8726366,5.939,14:58:40
604,740,-4.2938528,55.8726446,7.676,14:58:41
605,741,-4.2938842,55.8726471,8.131,14:58:42
606,742,-4.29391,55.8726495,8.363,14:58:43
607,743,-4.2939259,55.8726496,8.464,14:58:43
608,744,-4.2939402,55.8726499,8.243,14:58:44
609,745,-4.2939676,55.8726508,7.259,14:58:45
610,746,-4.2939921,55.8726506,6.671,14:58:46
611,747,-4.2940227,55.8726486,6.754,14:58:47
612,748,-4.2940451,55.8726461,6.802,14:58:48
613,749,-4.2940629,55.8726441,6.85,14:58:49
614,750,-4.2940795,55.8726423,6.942,14:58:49
615,751,-4.2940975,55.8726405,7.12,14:58:50
616,752,-4.2941195,55.8726386,7.35,14:58:51
617,753,-4.2941385,55.8726368,7.863,14:58:52
618,754,-4.2941571,55.872635,8.481,14:58:52
619,755,-4.2941743,55.8726335,9.169,14:58:53
620,756,-4.2941935,55.8726319,9.944,14:58:54
621,757,-4.2942122,55.8726303,10.814,14:58:55
622,758,-4.2942308,55.8726288,11.764,14:58:55
623,759,-4.29425,55.8726272,12.758,14:58:56
624,760,-4.2942669,55.8726259,13.782,14:58:57
625,761,-4.294287,55.8726243,14.87,14:58:57
626,762,-4.2943021,55.872623,15.975,14:58:58
627,763,-4.2943074,55.8726416,3.856,14:58:59
628,764,-4.2943165,55.8726297,3.881,14:59:00
629,765,-4.2943192,55.8726137,3.9,14:59:01
630,766,-4.294318,55.8725994,3.9,14:59:02
631,767,-4.2943196,55.8725854,3.9,14:59:02
632,768,-4.2943364,55.8723002,14.717,14:59:24
633,769,-4.2942875,55.8723442,16.163,14:59:25
634,770,-4.2942719,55.8723431,13.052,14:59:26
635,771,-4.294249,55.8722906,5.292,14:59:29
636,772,-4.2941994,55.8722261,7.301,14:59:31
637,773,-4.2941696,55.8721655,10.003,14:59:36
638,774,-4.294265,55.8722107,39.632,14:59:56
639,775,-4.2943892,55.8721497,48.088,15:00:08
640,776,-4.294426,55.8721307,48.127,15:00:09
641,777,-4.2945567,55.8720659,58.87,15:00:11
642,778,-4.2945087,55.8720025,27.281,15:00:11
643,779,-4.2942952,55.871896,28.537,15:00:12
644,780,-4.2939953,55.8718369,28.456,15:00:12
645,781,-4.2944431,55.872043,20.0,16:50:34
646,782,-4.294444,55.8720434,20.0,16:50:45
647,783,-4.2944491,55.8720441,20.0,16:50:50
648,784,-4.3106165,55.8801966,24.493,22:14:24
649,785,-4.2855713,55.8731278,17.765,22:14:27
650,786,-4.2863583,55.8733356,17.315,22:15:08
651,787,-4.2865221,55.8733393,17.5,22:15:41
652,788,-4.2867749,55.8733387,20.721,22:15:47
653,789,-4.2869922,55.873362,14.358,22:15:58
654,790,-4.2869921,55.8733621,18.617,22:15:59
655,791,-4.2870176,55.8733668,7.596,22:16:02
656,792,-4.2869888,55.8732613,5.274,22:16:13
657,793,-4.2868897,55.8730776,4.956,22:16:17
658,794,-4.2869034,55.8730766,7.347,22:16:29
659,795,-4.2871846,55.8729355,20.27,22:16:35
660,796,-4.2872901,55.8728915,29.402,22:16:46
661,797,-4.287585,55.8728969,11.308,22:16:50
662,798,-4.2877102,55.872902,20.719,22:17:02
663,799,-4.2877753,55.8728895,35.77,22:17:08
664,800,-4.2881824,55.8729481,8.783,22:17:19
665,801,-4.2882093,55.8729515,8.827,22:17:20
666,802,-4.2882566,55.8729633,8.872,22:17:23
667,803,-4.2883109,55.8729854,9.166,22:17:34
668,804,-4.2885094,55.8730771,12.561,22:17:38
669,805,-4.2885043,55.8730782,32.454,22:17:50
670,806,-4.2885533,55.8731612,29.579,22:17:56
671,807,-4.2887413,55.8728477,9.085,22:18:07
672,808,-4.2887598,55.8728184,9.13,22:18:07
673,809,-4.2887915,55.8727681,9.176,22:18:11
674,810,-4.2887901,55.8727713,17.117,22:18:23
675,811,-4.2888793,55.8726477,33.059,22:18:29
676,812,-4.2894047,55.8725962,5.405,22:18:40
677,813,-4.2894562,55.8725947,5.405,22:18:44
678,814,-4.2895347,55.8725938,5.913,22:18:55
679,815,-4.2898229,55.8726038,6.93,22:18:59
680,816,-4.2898496,55.872621,7.293,22:19:10
681,817,-4.2897813,55.872649,6.574,22:19:14
682,818,-4.2900355,55.8727128,11.05,22:19:26
683,819,-4.2901336,55.8726912,10.275,22:19:26
684,820,-4.290339,55.8726664,7.95,22:19:32
685,821,-4.2908259,55.8727109,9.332,22:19:43
686,822,-4.2909914,55.8727174,9.332,22:19:47
687,823,-4.2910236,55.8727174,11.22,22:19:59
688,824,-4.2913843,55.8726637,13.291,22:20:05
689,825,-4.2916469,55.8728354,8.924,22:20:16
690,826,-4.2916659,55.8728612,9.185,22:20:17
691,827,-4.2917286,55.8729097,12.333,22:20:20
692,828,-4.291839,55.8729286,13.413,22:20:31
693,829,-4.2919322,55.8729459,11.606,22:20:35
694,830,-4.2920057,55.8729656,15.039,22:20:47
695,831,-4.2928195,55.8731038,19.406,22:20:53
696,832,-4.293243,55.8731948,24.754,22:21:10
697,833,-4.310526,55.8804137,19.686,22:43:29
698,834,-4.3105115,55.8804146,13.172,22:43:36
699,835,-4.3105118,55.8804139,12.611,22:43:38
700,836,-4.3105073,55.8804091,12.234,22:43:40
701,837,-4.3105097,55.8804084,12.03,22:43:41
702,838,-4.3104735,55.8803966,10.753,22:43:42
703,839,-4.3104736,55.8803914,9.86,22:43:43
704,840,-4.310469,55.8803976,9.284,22:43:44
705,841,-4.3104644,55.880401,7.451,22:43:45
706,842,-4.3104651,55.8803962,6.383,22:43:47
707,843,-4.3104655,55.8803953,5.325,22:43:50
708,844,-4.3104733,55.8803958,5.215,22:43:52
709,845,-4.3104789,55.880398,4.706,22:43:53
710,846,-4.310486,55.8803947,4.622,22:43:57
711,847,-4.3104877,55.8803941,4.48,22:43:59
712,848,-4.3104876,55.8803941,4.193,22:43:59
713,849,-4.3104892,55.8803959,3.79,22:43:59
714,850,-4.3104945,55.8803933,3.845,22:43:59
715,851,-4.3104966,55.8803951,116.5,22:44:02
716,852,-4.3016355,55.8817298,15.357,09:40:46
717,853,-4.3018423,55.8817159,12.546,09:40:47
718,854,-4.3015506,55.8816999,16.27,09:40:49
719,855,-4.3014124,55.8815652,15.135,09:40:59
720,856,-4.3011784,55.8814962,4.304,09:41:10
721,857,-4.3010428,55.881433,3.8,09:41:17
722,858,-4.3008741,55.8813588,10.301,09:41:25
723,859,-4.3006487,55.881286,18.054,09:41:35
724,860,-4.3004901,55.881252,16.54,09:41:44
725,861,-4.3002793,55.8811768,17.127,09:41:55
726,862,-4.3001247,55.8811206,16.813,09:42:03
727,863,-4.2971685,55.8809203,3.79,09:49:14
728,864,-4.295743,55.8812368,5.436,09:49:15
729,865,-4.2945032,55.8815132,6.328,09:49:18
730,866,-4.2940481,55.8816149,6.806,09:49:18
731,867,-4.2937946,55.881666,6.729,09:49:18
732,868,-4.2937777,55.8816744,8.722,09:49:18
733,869,-4.2937566,55.8816806,10.533,09:49:18
734,870,-4.2937355,55.8816836,10.594,09:49:19
735,871,-4.2937218,55.881685,10.712,09:49:19
736,872,-4.2937114,55.8816857,10.867,09:49:20
737,873,-4.2936995,55.8816832,11.861,09:49:20
738,874,-4.2936968,55.8816746,12.151,09:49:21
739,875,-4.2936991,55.8816677,12.448,09:49:21
740,876,-4.2937081,55.8816517,13.177,09:49:22
741,877,-4.2937187,55.8816397,13.605,09:49:22
742,878,-4.2937164,55.8816339,11.963,09:49:23
743,879,-4.2937199,55.8816239,11.83,09:49:23
744,880,-4.2937195,55.8816168,11.78,09:49:23
745,881,-4.2937346,55.8816049,11.569,09:49:24
746,882,-4.2937492,55.8815927,11.212,09:49:25
747,883,-4.2937616,55.8815831,11.053,09:49:25
748,884,-4.2937528,55.8815562,10.721,09:49:27
749,885,-4.2936894,55.8815525,10.889,09:49:28
750,886,-4.2936711,55.8815463,10.843,09:49:29
751,887,-4.2936546,55.8815397,11.153,09:49:30
752,888,-4.2936391,55.881533,11.689,09:49:31
753,889,-4.2936274,55.8815292,11.851,09:49:31
754,890,-4.2936134,55.881522,12.14,09:49:32
755,891,-4.2934992,55.8815064,12.079,09:49:34
756,892,-4.2934702,55.8814938,10.944,09:49:35
757,893,-4.2933925,55.8814916,5.712,09:49:37
758,894,-4.2933925,55.8814916,18.698,09:49:47
759,895,-4.293588,55.881302,48.134,09:49:57
760,896,-4.2937197,55.8814242,48.292,09:50:07
761,897,-4.2936465,55.8808573,31.271,09:50:17
762,898,-4.2936544,55.880679,34.427,09:50:27
763,899,-4.293557,55.8804885,31.375,09:50:37
764,900,-4.2934955,55.8804136,49.669,09:50:47
765,901,-4.2934197,55.8803536,41.834,09:50:57
766,902,-4.2926826,55.8804757,5.367,09:51:10
767,903,-4.2926399,55.8804766,6.856,09:51:14
768,904,-4.2925588,55.8804718,15.382,09:51:20
769,905,-4.2924186,55.8804559,33.372,09:51:30
770,906,-4.2926412,55.8804857,34.398,09:51:31
771,907,-4.2926412,55.8804857,51.753,09:51:41
772,908,-4.2919373,55.8803564,9.358,09:51:43
773,909,-4.2918358,55.8803349,17.072,09:51:52
774,910,-4.2917618,55.8803157,35.583,09:52:02
775,911,-4.2917698,55.8803174,36.622,09:52:05
776,912,-4.2917149,55.8803023,52.092,09:52:13
777,913,-4.2917314,55.8803063,53.141,09:52:15
778,914,-4.2916883,55.880294,70.491,09:52:24
779,915,-4.2918751,55.880346,70.182,09:52:26
780,916,-4.2918751,55.880346,83.374,09:52:35
781,917,-4.2918751,55.880346,98.385,09:52:45
782,918,-4.2917913,55.8795215,10.09,09:52:56
783,919,-4.2917763,55.8795168,19.552,09:53:05
784,920,-4.2917659,55.8795126,35.162,09:53:15
785,921,-4.2917622,55.8795103,50.244,09:53:25
786,922,-4.2917626,55.8794667,80.022,09:53:35
787,923,-4.2917283,55.8788433,98.233,09:53:46
788,924,-4.2910449,55.8788664,9.687,09:53:56
789,925,-4.2909108,55.878785,85.627,09:54:05
790,926,-4.2911114,55.8785213,91.293,09:54:15
791,927,-4.2902189,55.8785547,7.769,09:54:26
792,928,-4.2901776,55.8785342,13.686,09:54:27
793,929,-4.2900518,55.8784479,96.725,09:54:37
794,930,-4.2897353,55.8782616,81.3,09:54:47
795,931,-4.2894066,55.8782433,54.292,09:54:57
796,932,-4.2891647,55.8781116,36.05,09:55:07
797,933,-4.2892055,55.8782727,42.054,09:55:17
798,934,-4.2890681,55.8783126,42.921,09:55:27
799,935,-4.2883234,55.8782286,25.793,09:55:37
800,936,-4.2888277,55.8786085,9.925,09:55:48
801,937,-4.2889855,55.8788032,97.247,09:55:57
802,938,-4.2889789,55.8790185,78.613,09:56:07
803,939,-4.288864,55.8791174,66.288,09:56:17
804,940,-4.2885527,55.8789412,76.018,09:56:27
805,941,-4.2881971,55.8787476,80.933,09:56:38
806,942,-4.2881721,55.879158,8.404,09:56:48
807,943,-4.2880717,55.8791289,35.324,09:56:57
808,944,-4.2878751,55.87929,13.426,09:57:10
809,945,-4.287908,55.8793773,8.858,09:57:20
810,946,-4.287748,55.8800823,33.979,09:57:29
811,947,-4.2876648,55.880256,87.6,09:57:31
812,948,-4.2873787,55.8805119,63.623,09:57:40
813,949,-4.2871486,55.8808104,84.032,09:57:50
814,950,-4.287136,55.8805289,36.285,09:57:59
815,951,-4.2879603,55.879918,9.782,09:58:10
816,952,-4.2879852,55.8799039,27.408,09:58:13
817,953,-4.2878508,55.8799809,28.904,09:58:20
818,954,-4.2877182,55.8800222,87.399,09:58:21
819,955,-4.2872546,55.8804184,32.772,09:58:30
820,956,-4.287223,55.8804504,32.976,09:58:40
821,957,-4.2872916,55.880392,24.19,09:58:50
822,958,-4.2875746,55.8801896,11.177,09:59:02
823,959,-4.2876201,55.880139,72.423,09:59:07
824,960,-4.2873167,55.8802808,23.13,09:59:14
825,961,-4.2870992,55.8798821,8.341,09:59:25
826,962,-4.2870724,55.8798662,17.743,09:59:26
827,963,-4.2866462,55.8800536,95.223,09:59:36
828,964,-4.2867687,55.8799214,10.162,09:59:39
829,965,-4.286725,55.8799222,33.411,09:59:43
830,966,-4.2867005,55.8799191,74.51,09:59:48
831,967,-4.2863969,55.879721,8.175,09:59:52
832,968,-4.2860081,55.8797574,10.378,10:00:18
833,969,-4.2859922,55.8796155,32.156,10:00:25
834,970,-4.2857606,55.8796075,9.469,10:00:36
835,971,-4.2857644,55.8796086,9.505,10:00:37
836,972,-4.2856592,55.8795652,9.999,10:00:47
837,973,-4.2854217,55.8794012,42.013,10:00:55
838,974,-4.2849764,55.8792406,11.342,10:01:07
839,975,-4.2848699,55.8790957,65.695,10:01:17
840,976,-4.2847436,55.8785791,34.234,10:01:27
841,977,-4.2846063,55.8786466,40.595,10:01:37
842,978,-4.2845719,55.8787573,31.256,10:01:47
843,979,-4.2844998,55.8786568,24.186,10:01:57
844,980,-4.2843923,55.878533,36.596,10:02:07
845,981,-4.2842744,55.8780085,52.302,10:02:17
846,982,-4.2842253,55.8776856,61.032,10:02:27
847,983,-4.2837843,55.8777973,96.065,10:02:38
848,984,-4.2829938,55.8785837,37.165,10:02:48
849,985,-4.2830745,55.8784661,31.715,10:02:58
850,986,-4.2829699,55.8784285,22.997,10:03:08
851,987,-4.282758,55.8782457,44.363,10:03:18
852,988,-4.2822171,55.8779441,52.884,10:03:29
853,989,-4.281619,55.8773711,39.84,10:03:38
854,990,-4.2820827,55.8773404,55.318,10:03:48
855,991,-4.2821119,55.8778168,71.41,10:03:58
856,992,-4.281932,55.8774532,47.347,10:04:08
857,993,-4.281578,55.8774653,30.35,10:04:18
858,994,-4.2813806,55.8781792,47.704,10:04:28
859,995,-4.2815187,55.8774107,32.964,10:04:38
860,996,-4.2812542,55.8773706,25.883,10:04:48
861,997,-4.2812435,55.8774687,41.406,10:04:58
862,998,-4.2806699,55.877359,51.093,10:05:10
863,999,-4.2804862,55.8773135,29.908,10:05:19
864,1000,-4.2802274,55.8772594,65.084,10:05:29
865,1001,-4.280364,55.8775817,9.849,10:05:42
866,1002,-4.2799539,55.8775571,10.054,10:05:54
867,1003,-4.279603,55.8775014,89.592,10:06:03
868,1004,-4.2790999,55.8772944,129.0,10:06:13
869,1005,-4.279213,55.8772985,10.113,10:06:18
870,1006,-4.2792009,55.8772913,17.828,10:06:19
871,1007,-4.2791634,55.8772636,92.142,10:06:26
872,1008,-4.2791259,55.8771852,10.012,10:06:36
873,1009,-4.2791192,55.8771427,36.519,10:06:38
874,1010,-4.2789951,55.8770546,9.387,10:06:50
875,1011,-4.2790156,55.8769029,44.665,10:06:59
876,1012,-4.278974,55.8765887,77.6,10:07:10
877,1013,-4.2789961,55.8764716,49.844,10:07:20
878,1014,-4.2789144,55.8764646,56.994,10:07:30
879,1015,-4.2783283,55.8764635,68.442,10:07:40
880,1016,-4.2775723,55.8761959,48.193,10:07:50
881,1017,-4.2775479,55.8757679,52.844,10:08:00
882,1018,-4.2778102,55.8757984,51.148,10:08:10
883,1019,-4.2776864,55.8756468,42.346,10:08:21
884,1020,-4.2775547,55.8754987,42.755,10:08:31
885,1021,-4.2776713,55.8754985,56.604,10:08:42
886,1022,-4.2775796,55.8752193,50.44,10:08:51
887,1023,-4.2777414,55.8750899,36.299,10:09:01
888,1024,-4.2780813,55.8748182,49.383,10:09:11
889,1025,-4.2780104,55.8747524,34.212,10:09:21
890,1026,-4.2782251,55.8747542,53.256,10:09:31
891,1027,-4.2790294,55.8750558,50.837,10:09:41
892,1028,-4.2794461,55.8752587,27.031,10:09:51
893,1029,-4.279497,55.8752371,25.27,10:10:01
894,1030,-4.2795509,55.8752004,49.573,10:10:11
895,1031,-4.2799199,55.8748455,58.032,10:10:23
896,1032,-4.2807006,55.8748157,98.866,10:10:32
897,1033,-4.2810761,55.874753,127.978,10:10:42
898,1034,-4.2811578,55.8747047,135.6,10:10:50
899,1035,-4.2810067,55.8747137,140.211,10:10:57
900,1036,-4.2809197,55.8747184,151.443,10:11:05
901,1037,-4.2806082,55.8747343,5.892,10:12:21
902,1038,-4.2806912,55.8747604,7.701,10:12:21
903,1039,-4.2808104,55.8747603,15.317,10:12:29
904,1040,-4.2808861,55.8746962,13.209,10:12:34
905,1041,-4.2809119,55.8746629,15.503,10:12:38
906,1042,-4.2814229,55.8745899,23.873,10:12:45
907,1043,-4.2815097,55.8745555,25.579,10:12:49
908,1044,-4.2816409,55.8746175,24.201,10:12:53
909,1045,-4.2815398,55.8745826,22.379,10:12:56
910,1046,-4.2814331,55.8746154,23.95,10:13:05
911,1047,-4.2815056,55.8744015,30.623,10:13:11
912,1048,-4.2818054,55.8741838,32.157,10:13:18
913,1049,-4.2819647,55.8739767,32.115,10:13:26
914,1050,-4.2797841,55.8736831,31.224,10:13:33
915,1051,-4.2794509,55.8738055,30.68,10:13:41
916,1052,-4.2798731,55.8738268,56.787,10:13:48
917,1053,-4.2802475,55.873779,74.344,10:13:56
918,1054,-4.2822052,55.8731938,27.034,10:14:04
919,1055,-4.2822076,55.8731638,18.782,10:14:11
920,1056,-4.2821051,55.8731842,19.575,10:14:19
921,1057,-4.2811667,55.873104,36.626,10:14:27
922,1058,-4.2808108,55.8730447,38.273,10:14:34
923,1059,-4.2809742,55.8730296,28.019,10:14:42
924,1060,-4.2805176,55.8729237,19.876,10:14:51
925,1061,-4.2805302,55.8727481,23.787,10:14:56
926,1062,-4.2808407,55.8724067,23.158,10:15:04
927,1063,-4.2808773,55.8723837,16.255,10:15:11
928,1064,-4.281082,55.8723503,19.008,10:15:19
929,1065,-4.2810736,55.872367,22.757,10:15:26
930,1066,-4.2812048,55.8723683,31.734,10:15:34
931,1067,-4.2812072,55.8722975,92.9,10:15:41
932,1068,-4.2814024,55.8721821,26.489,10:15:53
933,1069,-4.2814332,55.8721804,23.499,10:16:02
934,1070,-4.2814414,55.8721852,31.724,10:16:28
935,1071,-4.2815674,55.8721617,39.927,10:16:29
936,1072,-4.2821081,55.8720655,29.617,10:16:33
937,1073,-4.282322,55.8719739,28.188,10:16:43
938,1074,-4.2826116,55.8719401,19.558,10:16:53
939,1075,-4.2826227,55.8719234,17.551,10:17:03
940,1076,-4.2827706,55.8719376,21.549,10:17:13
941,1077,-4.2830229,55.8719126,26.691,10:17:23
942,1078,-4.2829053,55.8715508,21.37,10:17:25
943,1079,-4.2829019,55.8715166,14.455,10:17:26
944,1080,-4.2829323,55.8714998,12.769,10:17:27
945,1081,-4.2830106,55.8714494,13.628,10:17:34
946,1082,-4.2830592,55.8714163,28.607,10:17:44
947,1083,-4.2830759,55.8714046,42.369,10:17:54
948,1084,-4.2831444,55.8713577,59.72,10:18:03
949,1085,-4.2835627,55.871223,8.758,10:18:06
950,1086,-4.2836616,55.871173,19.556,10:18:15
951,1087,-4.2837073,55.871149,32.444,10:18:25
952,1088,-4.2837194,55.8711433,46.119,10:18:35
953,1089,-4.2837787,55.871111,64.129,10:18:44
954,1090,-4.2837672,55.8711175,65.149,10:18:47
955,1091,-4.283807,55.8710959,80.636,10:18:55
956,1092,-4.2837907,55.871105,81.678,10:18:58
957,1093,-4.283817,55.8710909,97.139,10:19:06
958,1094,-4.2837353,55.8705895,9.975,10:19:08
959,1095,-4.2837274,55.8705087,21.112,10:19:18
960,1096,-4.2837234,55.8704884,33.625,10:19:28
961,1097,-4.2837062,55.8704503,53.578,10:19:37
962,1098,-4.2837467,55.8705251,51.344,10:19:39
963,1099,-4.2837467,55.8705251,70.008,10:19:48
964,1100,-4.2837467,55.8705251,72.055,10:19:50
965,1101,-4.2837467,55.8705251,83.571,10:20:00
966,1102,-4.2836166,55.870786,97.478,10:20:10
967,1103,-4.2825701,55.871195,6.306,10:20:21
968,1104,-4.2825485,55.8711991,6.469,10:20:22
969,1105,-4.2824254,55.8713988,25.614,10:20:30
970,1106,-4.2823958,55.871852,24.089,10:20:40
971,1107,-4.2823527,55.872039,22.522,10:20:49
972,1108,-4.282325,55.8720904,87.6,10:20:55
973,1109,-4.2821656,55.8721861,37.238,10:21:01
974,1110,-4.2817228,55.8718431,9.199,10:21:11
975,1111,-4.2817007,55.8717866,9.207,10:21:12
976,1112,-4.2816344,55.8717849,25.198,10:21:16
977,1113,-4.2814699,55.8717221,9.804,10:21:23
978,1114,-4.2814422,55.8717066,9.836,10:21:24
979,1115,-4.2813982,55.8716863,84.92,10:21:31
980,1116,-4.2823791,55.8721281,50.819,10:21:41
981,1117,-4.2816988,55.8711822,10.215,10:21:51
982,1118,-4.2816989,55.871179,10.228,10:21:52
983,1119,-4.2817,55.8711432,26.237,10:21:56
984,1120,-4.2817398,55.8710561,5.142,10:22:04
985,1121,-4.2817466,55.8710428,5.589,10:22:05
986,1122,-4.2816857,55.8709278,10.361,10:22:15
987,1123,-4.2816727,55.8708143,8.579,10:22:26
988,1124,-4.2816428,55.8707146,74.998,10:22:35
989,1125,-4.2813754,55.8702759,59.503,10:22:45
990,1126,-4.280994,55.8698632,44.821,10:22:55
991,1127,-4.2807191,55.8697256,31.389,10:23:05
992,1128,-4.2847884,55.8721757,71.5,10:23:15
993,1129,-4.2809501,55.8697858,68.363,10:23:25
994,1130,-4.2810513,55.869668,22.069,10:23:34
995,1131,-4.2807723,55.8699818,34.884,10:23:44
996,1132,-4.2810033,55.8697761,21.182,10:23:54
997,1133,-4.2810556,55.8697744,21.564,10:24:04
998,1134,-4.2810799,55.8697376,26.039,10:24:13
999,1135,-4.2811547,55.8696392,28.917,10:24:23
1000,1136,-4.2811743,55.8695595,32.032,10:24:33
1001,1137,-4.2811867,55.8695289,31.769,10:24:43
1002,1138,-4.2822827,55.8694319,3.9,10:24:55
1003,1139,-4.282283,55.8694259,3.9,10:24:55
1004,1140,-4.2822761,55.8693386,94.786,10:25:04
1005,1141,-4.2822975,55.8692542,4.71,10:25:15
1006,1142,-4.2822833,55.8691861,79.597,10:25:24
1007,1143,-4.2823503,55.869021,7.355,10:25:33
1008,1144,-4.2823594,55.8689819,10.948,10:25:34
1009,1145,-4.2822818,55.8689122,95.62,10:25:44
1010,1146,-4.2820637,55.8686976,10.129,10:25:56
1011,1147,-4.2820097,55.8686065,89.061,10:26:04
1012,1148,-4.2820148,55.8682748,87.017,10:26:14
1013,1149,-4.2820193,55.8680042,74.024,10:26:24
1014,1150,-4.2822948,55.8669844,52.48,10:26:25
1015,1151,-4.2817159,55.867785,13.4,10:26:37
1016,1152,-4.2813514,55.8680973,6.032,10:26:47
1017,1153,-4.2807003,55.8679429,30.665,10:26:56
1018,1154,-4.280307,55.8679205,18.172,10:27:06
1019,1155,-4.2801624,55.8678321,29.947,10:27:16
1020,1156,-4.2801147,55.867795,83.445,10:27:26
1021,1157,-4.2814717,55.8676304,16.239,10:27:39
1022,1158,-4.2816265,55.8676615,95.528,10:27:47
1023,1159,-4.2817583,55.8680952,9.409,10:27:59
1024,1160,-4.2817467,55.8681111,9.464,10:27:59
1025,1161,-4.2818606,55.8680597,50.626,10:28:10
1026,1162,-4.2819909,55.8678934,50.689,10:28:12
1027,1163,-4.2819746,55.8681402,9.955,10:28:21
1028,1164,-4.2819794,55.8681993,9.997,10:28:21
1029,1165,-4.2819785,55.8682655,84.257,10:28:30
1030,1166,-4.2824638,55.8683572,10.678,10:28:40
1031,1167,-4.2824958,55.8683634,11.628,10:28:42
1032,1168,-4.2824874,55.8683522,23.102,10:28:52
1033,1169,-4.2821412,55.8682694,29.184,10:28:59
1034,1170,-4.2827298,55.8682383,8.433,10:29:11
1035,1171,-4.2826842,55.8679671,5.682,10:31:44
1036,1172,-4.2827066,55.8679274,5.681,10:31:47
1037,1173,-4.2827271,55.8679094,5.776,10:31:53
1038,1174,-4.2827274,55.8679082,5.776,10:31:54
1039,1175,-4.2827167,55.8679178,9.022,10:32:02
1040,1176,-4.2823926,55.867763,6.162,10:32:13
1041,1177,-4.2822279,55.8675601,45.073,10:32:22
1042,1178,-4.2819704,55.866678,43.156,10:32:32
1043,1179,-4.2824172,55.8665806,44.141,10:32:42
1044,1180,-4.2815711,55.8674871,8.554,10:32:53
1045,1181,-4.2812763,55.8674409,4.917,10:33:03
1046,1182,-4.281266,55.8674272,9.019,10:33:13
1047,1183,-4.2812201,55.8674135,10.679,10:33:22
1048,1184,-4.2810173,55.8673328,14.057,10:33:24
1049,1185,-4.2807588,55.8669101,52.888,10:33:32
1050,1186,-4.2804526,55.866445,43.465,10:33:42
1051,1187,-4.2803903,55.866714,67.508,10:33:52
1052,1188,-4.2793812,55.8671935,41.437,10:34:02
1053,1189,-4.2795789,55.8667713,27.095,10:34:12
1054,1190,-4.2796984,55.866719,20.883,10:34:22
1055,1191,-4.2793856,55.8667129,24.322,10:34:32
1056,1192,-4.2796155,55.8667715,13.592,10:34:42
1057,1193,-4.2797839,55.8667356,19.496,10:34:52
1058,1194,-4.2802194,55.8666812,27.25,10:35:02
1059,1195,-4.2807518,55.8666023,21.224,10:35:12
1060,1196,-4.2806836,55.8666188,12.498,10:35:22
1061,1197,-4.2809612,55.8666287,23.844,10:35:32
1062,1198,-4.2810888,55.866676,23.888,10:35:42
1063,1199,-4.2813598,55.8666787,19.49,10:35:52
1064,1200,-4.2816882,55.8666979,22.405,10:36:02
1065,1201,-4.2818305,55.8667078,18.59,10:36:12
1066,1202,-4.2820704,55.8667228,18.366,10:36:22
1067,1203,-4.2822797,55.8667243,21.176,10:36:32
1068,1204,-4.2825473,55.8667394,22.556,10:36:42
1069,1205,-4.2829293,55.8667338,21.804,10:36:52
1070,1206,-4.2830486,55.8667143,19.06,10:37:02
1071,1207,-4.2832096,55.8667239,17.626,10:37:12
1072,1208,-4.283364,55.8667025,29.526,10:37:22
1073,1209,-4.283175,55.8667174,24.22,10:37:32
1074,1210,-4.2830753,55.8667126,48.795,10:37:42
1075,1211,-4.283319,55.8673633,13.947,10:37:55
1076,1212,-4.2834103,55.867618,24.602,10:38:05
1077,1213,-4.2834809,55.8677802,43.178,10:38:14
1078,1214,-4.2833829,55.8675692,42.719,10:38:16
1079,1215,-4.2833829,55.8675692,55.437,10:38:26
1080,1216,-4.2833829,55.8675692,72.81,10:38:35
1081,1217,-4.2833829,55.8675692,76.766,10:38:37
1082,1218,-4.2833829,55.8675692,86.941,10:38:47
1083,1219,-4.2840233,55.86805,3.9,10:38:57
1084,1220,-4.2840405,55.8680657,4.242,10:38:59
1085,1221,-4.2840414,55.868068,12.279,10:39:08
1086,1222,-4.2840392,55.8680587,20.304,10:39:10
1087,1223,-4.2840392,55.8680587,37.998,10:39:19
1088,1224,-4.2840392,55.8680587,52.594,10:39:30
1089,1225,-4.2840392,55.8680587,53.61,10:39:33
1090,1226,-4.2840392,55.8680587,69.114,10:39:41
1091,1227,-4.2840392,55.8680587,70.129,10:39:44
1092,1228,-4.2840392,55.8680587,85.603,10:39:52
1093,1229,-4.2840392,55.8680587,86.6,10:39:55
1094,1230,-4.2837041,55.8687483,7.243,10:40:04
1095,1231,-4.2837041,55.868751,7.769,10:40:07
1096,1232,-4.2837962,55.8688495,7.868,10:40:15
1097,1233,-4.2839074,55.8690282,7.373,10:40:26
1098,1234,-4.2839107,55.8690434,11.523,10:40:28
1099,1235,-4.2839163,55.8690738,11.815,10:40:28
1100,1236,-4.283915,55.8690898,12.076,10:40:29
1101,1237,-4.2839061,55.8691613,13.521,10:40:39
1102,1238,-4.2839062,55.8692648,17.549,10:40:45
1103,1239,-4.2839139,55.8693782,16.035,10:40:47
1104,1240,-4.2839275,55.8694281,13.414,10:40:47
1105,1241,-4.2839427,55.8694486,12.403,10:40:48
1106,1242,-4.283946,55.8694513,11.982,10:40:49
1107,1243,-4.2839479,55.8694581,12.17,10:40:49
1108,1244,-4.2839571,55.8694498,58.295,10:40:56
1109,1245,-4.2838355,55.8696432,9.68,10:41:05
1110,1246,-4.2838081,55.8696896,51.765,10:41:11
1111,1247,-4.2839761,55.8699001,9.22,10:41:20
1112,1248,-4.2839945,55.8699658,51.561,10:41:26
1113,1249,-4.2840046,55.8699644,15.794,10:41:28
1114,1250,-4.2840082,55.8699587,178.289,10:41:34
1115,1251,-4.2839779,55.8699884,246.214,10:41:41
1116,1252,-4.2839737,55.8699929,49.568,10:41:49
1117,1253,-4.2839733,55.8699938,60.817,10:41:56
1118,1254,-4.2839774,55.8699899,71.697,10:42:04
1119,1255,-4.2839791,55.8699883,82.03,10:42:11
1120,1256,-4.2839822,55.8699851,93.751,10:42:19
1121,1257,-4.2846861,55.8704605,5.654,10:42:26
1122,1258,-4.2847098,55.8704775,6.436,10:42:27
1123,1259,-4.2847173,55.8704838,6.934,10:42:28
1124,1260,-4.2847242,55.8704879,7.385,10:42:28
1125,1261,-4.2847259,55.8704911,7.948,10:42:29
1126,1262,-4.2847121,55.8704922,12.448,10:42:33
1127,1263,-4.2847121,55.8704922,24.467,10:42:41
1128,1264,-4.2847121,55.8704922,34.571,10:42:48
1129,1265,-4.2847121,55.8704922,46.293,10:42:56
1130,1266,-4.2847121,55.8704922,58.022,10:43:03
1131,1267,-4.2847121,55.8704922,70.712,10:43:11
1132,1268,-4.2847121,55.8704922,82.846,10:43:19
1133,1269,-4.2847121,55.8704922,91.571,10:43:26
1134,1270,-4.2851575,55.8712412,5.977,10:43:36
1135,1271,-4.2851923,55.8713104,12.347,10:43:43
1136,1272,-4.2852095,55.8713551,25.856,10:43:51
1137,1273,-4.2851688,55.8717937,36.226,10:43:59
1138,1274,-4.2854086,55.8718901,60.927,10:44:05
1139,1275,-4.2853363,55.872125,73.101,10:44:12
1140,1276,-4.2851953,55.872349,84.2,10:44:20
1141,1277,-4.284902,55.8723863,48.257,10:44:28
1142,1278,-4.2848034,55.8723459,51.113,10:44:31
1143,1279,-4.2847908,55.8723439,51.496,10:44:32
1144,1280,-4.2847758,55.8723491,51.956,10:44:33
1145,1281,-4.2847384,55.872349,55.914,10:44:35
1146,1282,-4.2851807,55.8723358,30.841,10:44:42
1147,1283,-4.2853848,55.8723259,27.754,10:44:46
1148,1284,-4.2853964,55.8723369,30.444,10:44:51
1149,1285,-4.2856707,55.8722542,24.878,10:44:58
1150,1286,-4.2858671,55.8720975,34.555,10:45:37
1151,1287,-4.2864025,55.8720084,86.119,10:46:08
1152,1288,-4.2869178,55.8720583,5.277,10:46:08
1153,1289,-4.2872387,55.8718517,48.162,10:46:31
1154,1290,-4.2873452,55.8718547,51.881,10:46:35
1155,1291,-4.287647,55.8718274,39.059,10:46:43
1156,1292,-4.2878312,55.8717934,33.597,10:46:52
1157,1293,-4.288019,55.8718918,41.363,10:47:01
1158,1294,-4.2881493,55.8718513,49.548,10:47:05
1159,1295,-4.2882504,55.8717929,35.755,10:47:21
1160,1296,-4.2882943,55.8717898,35.463,10:47:32
1161,1297,-4.2888156,55.8720728,16.595,10:47:51
1162,1298,-4.2887979,55.8720505,16.501,10:48:00
1163,1299,-4.2888177,55.8720371,16.681,10:48:04
1164,1300,-4.2888187,55.872038,20.904,10:48:14
1165,1301,-4.2893779,55.8720563,17.076,10:48:33
1166,1302,-4.2896292,55.8720696,17.929,10:48:39
1167,1303,-4.2897703,55.8718893,10.942,10:48:55
1168,1304,-4.2897537,55.8720224,18.261,10:48:55
1169,1305,-4.2897831,55.8718825,9.117,10:48:55
1170,1306,-4.2897438,55.8719107,14.297,10:48:56
1171,1307,-4.2898247,55.8718248,14.424,10:49:01
1172,1308,-4.2898395,55.8717753,17.638,10:49:05
1173,1309,-4.2899756,55.8715742,19.901,10:49:11
1174,1310,-4.2902017,55.8714518,20.651,10:49:21
1175,1311,-4.2900121,55.8714911,21.896,10:49:31
1176,1312,-4.2898168,55.8713012,15.707,10:50:01
1177,1313,-4.2894826,55.8711908,23.678,10:50:19
1178,1314,-4.2891246,55.8713292,24.252,10:50:39
1179,1315,-4.2894709,55.8713141,23.302,10:50:48
1180,1316,-4.2894412,55.8713879,22.636,10:50:56
1181,1317,-4.2888801,55.8717516,15.402,10:51:25
1182,1318,-4.2887178,55.8715407,28.475,10:51:44
1183,1319,-4.2888698,55.8715948,30.661,10:51:54
1184,1320,-4.2890629,55.8714966,59.565,10:52:14
1185,1321,-4.2884226,55.871516,28.252,10:52:38
1186,1322,-4.288251,55.8715342,75.922,10:52:43
1187,1323,-4.288042,55.8713845,76.466,10:52:53
1188,1324,-4.2880676,55.8713399,57.245,10:53:03
1189,1325,-4.2880061,55.8712951,36.549,10:53:13
1190,1326,-4.2879292,55.8713355,29.575,10:53:20
1191,1327,-4.2878707,55.8713561,58.166,10:53:26
1192,1328,-4.2879072,55.8713494,56.846,10:53:28
1193,1329,-4.2879131,55.8713341,26.037,10:53:38
1194,1330,-4.2880349,55.8713636,28.161,10:53:40
1195,1331,-4.2880879,55.8712365,22.991,10:53:53
1196,1332,-4.2876324,55.8715052,21.094,10:55:41
1197,1333,-4.2876301,55.8714621,22.537,10:55:46
1198,1334,-4.2879579,55.8716228,18.054,10:55:54
1199,1335,-4.2878971,55.8716235,76.057,10:56:25
1200,1336,-4.2878877,55.87163,92.074,10:56:35
1201,1337,-4.2878867,55.8716307,105.581,10:56:44
1202,1338,-4.2879446,55.8717285,87.866,10:56:54
1203,1339,-4.2885853,55.8721241,58.414,10:57:03
1204,1340,-4.2910857,55.8738275,14.349,14:09:33
1205,1341,-4.29114,55.8739048,13.706,11:57:22
1206,1342,-4.291376,55.8742765,35.27,12:09:36
1207,1343,-122.084,37.4219983,5.0,16:47:48
1208,1344,-4.3105008,55.8803994,13.776,19:55:26
1209,1345,-4.3105174,55.8803855,14.454,19:55:32
1210,1346,-4.310528,55.8803645,13.466,19:55:33
1211,1347,-4.3105062,55.8803342,11.622,19:55:34
1212,1348,-4.3105293,55.880332,10.412,19:55:35
1213,1349,-4.3105311,55.8803377,9.505,19:55:36
1214,1350,-4.3105323,55.8803558,7.779,19:55:37
1215,1351,-4.3105309,55.8803682,6.23,19:55:38
1216,1352,-4.3105286,55.8803834,4.844,19:55:39
1217,1353,-4.3105426,55.8803855,4.647,19:55:40
1218,1354,-4.3105464,55.8803836,4.569,19:55:41
1219,1355,-4.310561,55.8803793,4.525,19:55:42
1220,1356,-4.3105634,55.8803764,4.423,19:55:43
1221,1357,-4.310571,55.8803717,4.392,19:55:44
1222,1358,-4.3105724,55.8803711,4.385,19:55:45
1223,1359,-4.3105722,55.880372,4.345,19:55:46
1224,1360,-4.310568,55.8803747,4.306,19:55:47
1225,1361,-4.3105654,55.8803756,4.256,19:55:48
1226,1362,-4.310565,55.8803758,4.271,19:55:49
1227,1363,-4.3105606,55.8803774,4.336,19:55:50
1228,1364,-4.3105596,55.8803776,4.404,19:55:51
1229,1365,-4.3105582,55.8803793,4.433,19:55:52
1230,1366,-4.3105581,55.8803796,4.663,19:55:53
1231,1367,-4.3105582,55.8803796,4.798,19:55:54
1232,1368,-4.3105583,55.8803795,4.84,19:55:55
1233,1369,-4.3105585,55.880379,4.875,19:55:56
1234,1370,-4.3105585,55.8803789,5.05,19:55:57
1235,1371,-4.3105586,55.8803789,5.282,19:55:58
1236,1372,-4.310557,55.8803812,5.698,19:55:59
1237,1373,-4.310559,55.8803805,6.007,19:56:00
1238,1374,-4.3105597,55.8803801,6.704,19:56:01
1239,1375,-4.3105568,55.8803815,7.764,19:56:02
1240,1376,-4.3105548,55.8803852,7.953,19:56:03
1241,1377,-4.310554,55.8803866,7.953,19:56:04
1242,1378,-4.3107854,55.880313,20.344,20:06:02
1243,1379,-4.3107349,55.8803234,17.334,20:06:04
1244,1380,-4.3105875,55.8803553,14.565,20:06:06
1245,1381,-4.310493,55.8803769,11.893,20:06:08
1246,1382,-4.3105046,55.8803751,10.168,20:06:10
1247,1383,-4.3105358,55.880371,9.06,20:06:12
1248,1384,-4.3105784,55.8803603,7.106,20:06:14
1249,1385,-4.3105952,55.8803578,6.4,20:06:16
1250,1386,-4.3106058,55.8803541,5.879,20:06:18
1251,1387,-4.310561,55.880362,5.792,20:06:18
1252,1388,-4.3105506,55.8803639,5.59,20:06:20
1253,1389,-4.3105575,55.8803607,5.503,20:06:20
1254,1390,-4.31056,55.8803599,5.258,20:06:22
1255,1391,-4.3105644,55.8803594,5.116,20:06:22
1256,1392,-4.3105647,55.8803594,5.161,20:06:24
1257,1393,-4.3105645,55.8803585,5.163,20:06:24
1258,1394,-4.3105666,55.8803591,5.231,20:06:26
1259,1395,-4.3105683,55.8803585,5.502,20:06:26
1260,1396,-4.3105682,55.8803581,5.608,20:06:28
1261,1397,-4.3105713,55.8803575,5.888,20:06:30
1262,1398,-4.3105734,55.8803581,5.849,20:06:30
1263,1399,-4.3105739,55.8803584,5.858,20:06:32
1264,1400,-4.3105688,55.8803595,5.661,20:06:32
1265,1401,-4.3105673,55.8803597,5.667,20:06:34
1266,1402,-4.3105639,55.8803602,5.571,20:06:34
1267,1403,-4.3105605,55.880361,5.445,20:06:36
1268,1404,-4.3105764,55.8803567,5.319,20:06:36
1269,1405,-4.3105898,55.8803541,5.226,20:06:38
1270,1406,-4.3106016,55.8803513,4.962,20:06:38
1271,1407,-4.3105976,55.8803524,4.81,20:06:40
1272,1408,-4.3105975,55.8803524,4.679,20:06:40
1273,1409,-4.3105929,55.8803498,4.608,20:06:42
1274,1410,-4.3105921,55.8803492,4.44,20:06:42
1275,1411,-4.3105925,55.8803492,4.374,20:06:44
1276,1412,-4.3105923,55.880349,4.254,20:06:44
1277,1413,-4.3105924,55.880349,4.136,20:06:46
1278,1414,-4.3105921,55.8803491,4.036,20:06:46
1279,1415,-4.3105924,55.8803492,4.044,20:06:48
1280,1416,-4.3105928,55.8803491,4.002,20:06:48
1281,1417,-4.3105936,55.8803493,4.013,20:06:50
1282,1418,-4.3105938,55.8803492,4.011,20:06:50
1283,1419,-4.3105932,55.8803495,3.982,20:06:52
1284,1420,-4.3105929,55.8803495,3.924,20:06:52
1285,1421,-4.3105906,55.8803498,3.904,20:06:54
1286,1422,-4.3105902,55.8803498,3.858,20:06:54
1287,1423,-4.3105871,55.8803509,3.829,20:06:56
1288,1424,-4.3105866,55.8803512,3.824,20:06:56
1289,1425,-4.3105866,55.8803512,3.841,20:06:58
1290,1426,-4.3105873,55.8803512,3.852,20:06:58
1291,1427,-4.3105149,55.8804145,15.337,20:26:49
1292,1428,-4.31054,55.8804243,17.438,20:26:53
1293,1429,-4.3105097,55.8803883,15.32,20:26:56
1294,1430,-4.3105167,55.880384,12.322,20:26:58
1295,1431,-4.3105203,55.880386,10.535,20:27:00
1296,1432,-4.31051,55.8803961,9.543,20:27:02
1297,1433,-4.3105218,55.8803914,8.865,20:27:04
1298,1434,-4.3105185,55.8803969,7.714,20:27:06
1299,1435,-4.3105217,55.8803978,7.479,20:27:07
1300,1436,-4.3105226,55.8803972,9.745,20:27:09
1301,1437,-4.3105226,55.8803972,9.709,20:27:11
1302,1438,-4.3105172,55.8803972,6.18,20:27:13
1303,1439,-4.3105134,55.8803976,6.067,20:27:14
1304,1440,-4.3105138,55.8803977,6.623,20:27:15
1305,1441,-4.3105138,55.8803982,6.328,20:27:16
1306,1442,-4.3105144,55.8803982,6.147,20:27:17
1307,1443,-4.3105164,55.8803966,5.985,20:27:18
1308,1444,-4.3105151,55.880393,5.853,20:27:19
1309,1445,-4.3105169,55.8803961,4.856,20:27:20
1310,1446,-4.3105172,55.8803972,7.137,20:27:24
1311,1447,-4.3105171,55.8803971,9.23,20:27:26
1312,1448,-4.3105199,55.8803969,8.427,20:27:28
1313,1449,-4.3105208,55.8803967,6.884,20:27:30
1314,1450,-4.3105205,55.8803951,5.924,20:27:32
1315,1451,-4.3105093,55.8803965,5.181,20:27:34
1316,1452,-4.3105097,55.8803964,5.065,20:27:36
1317,1453,-4.3105083,55.880396,4.744,20:27:38
1318,1454,-4.3105074,55.8803962,4.365,20:27:40
1319,1455,-4.3105074,55.8803962,4.265,20:27:42
1320,1456,-4.310509,55.8803941,4.264,20:27:44
1321,1457,-4.3105095,55.880394,4.386,20:27:46
1322,1458,-4.3105093,55.8803942,4.507,20:27:48
1323,1459,-4.3105088,55.8803942,4.776,20:27:50
1324,1460,-4.3105087,55.8803942,5.131,20:27:52
1325,1461,-4.3105088,55.8803942,5.818,20:27:54
1326,1462,-4.31051,55.8803931,6.678,20:27:56
1327,1463,-4.3105101,55.880393,7.468,20:27:58
1328,1464,-4.3105099,55.8803932,8.355,20:28:00
1329,1465,-4.3105098,55.8803932,8.528,20:28:02
1330,1466,-4.3105099,55.8803931,8.554,20:28:04
1331,1467,-4.3105101,55.880393,8.096,20:28:06
1332,1468,-4.3105134,55.8803908,7.174,20:28:08
1333,1469,-4.3105155,55.8803898,6.724,20:28:10
1334,1470,-4.3105154,55.8803899,6.396,20:28:12
1335,1471,-4.3105154,55.8803899,5.673,20:28:14
1336,1472,-4.3105162,55.8803896,5.052,20:28:16
1337,1473,-4.3105163,55.8803897,4.195,20:28:18
1338,1474,-4.3105203,55.880388,4.015,20:28:20
1339,1475,-4.3105217,55.8803874,4.028,20:28:22
1340,1476,-4.3105249,55.8803865,5.471,20:28:24
1341,1477,-4.3105256,55.8803862,7.357,20:28:26
1342,1478,-4.3105261,55.880386,10.375,20:28:28
1343,1479,-4.3105268,55.8803856,10.443,20:28:30
1344,1480,-4.3105252,55.880386,10.521,20:28:32
1345,1481,-4.3105263,55.8803855,10.494,20:28:35
1346,1482,-4.3105266,55.8803854,10.451,20:28:36
1347,1483,-4.3105266,55.8803854,10.52,20:28:38
1348,1484,-4.3105275,55.8803849,10.579,20:28:40
1349,1485,-4.3105271,55.8803852,10.562,20:28:42
1350,1486,-4.3105261,55.8803858,10.462,20:28:44
1351,1487,-4.3105272,55.8803852,10.456,20:28:46
1352,1488,-4.3105365,55.8804128,27.05,21:23:08
1353,1489,-4.3105427,55.8804654,23.236,21:23:12
1354,1490,-4.3105306,55.8804165,14.932,21:23:14
1355,1491,-4.3105276,55.8804016,14.695,21:23:16
1356,1492,-4.3105599,55.8803786,16.105,11:56:18
1357,1493,-4.3105601,55.8803786,16.202,11:56:19
1358,1494,-4.3105611,55.8803795,15.9,11:56:19
1359,1495,-4.3105604,55.8803781,15.474,11:56:21
1360,1496,-4.3105603,55.8803766,14.716,11:56:23
1361,1497,-4.3105284,55.8803881,12.824,11:56:25
1362,1498,-4.3105089,55.8803976,10.807,11:56:27
1363,1499,-4.3105083,55.8804136,8.643,11:56:29
1364,1500,-4.3105161,55.8804228,7.657,11:56:31
1365,1501,-4.3105359,55.880419,7.199,11:56:33
1366,1502,-4.3105298,55.8804181,7.048,11:56:35
1367,1503,-4.3105342,55.8804179,7.017,11:56:37
1368,1504,-4.3105413,55.880418,7.103,11:56:39
1369,1505,-4.3105387,55.8804209,7.311,11:56:41
1370,1506,-4.3105379,55.8804167,7.209,11:56:43
1371,1507,-4.3105322,55.880419,6.721,11:56:45
1372,1508,-4.3105398,55.8804167,6.622,11:56:47
1373,1509,-4.3105448,55.8804153,6.337,11:56:49
1374,1510,-4.3105399,55.8804184,5.982,11:56:51
1375,1511,-4.3105393,55.8804183,5.604,11:56:53
1376,1512,-4.3105403,55.8804179,5.169,11:56:55
1377,1513,-4.3105392,55.880418,4.999,11:56:57
1378,1514,-4.3105403,55.8804162,4.823,11:56:59
1379,1515,-4.3105423,55.8804146,4.613,11:57:01
1380,1516,-4.310544,55.8804126,4.795,11:57:03
1381,1517,-4.3105472,55.8804123,5.183,11:57:05
1382,1518,-4.3105479,55.8804121,5.38,11:57:07
1383,1519,-4.3105477,55.8804121,5.362,11:57:09
1384,1520,-4.310548,55.880412,5.342,11:57:11
1385,1521,-4.3105528,55.8804083,5.113,11:57:13
1386,1522,-4.3105536,55.880408,5.944,11:57:15
1387,1523,-4.3105529,55.8804082,8.238,11:57:17
1388,1524,-4.3105527,55.8804082,10.635,11:57:19
1389,1525,-4.3105519,55.8804083,10.586,11:57:21
1390,1526,-4.3105512,55.8804083,10.605,11:57:23
1391,1527,-4.3105503,55.8804083,10.637,11:57:25
1392,1528,-4.310551,55.880408,10.649,11:57:27
1393,1529,-4.3105513,55.8804079,10.593,11:57:29
1394,1530,-4.3105396,55.8804065,12.77,12:59:29
1395,1531,-4.31054017,55.8804061,29.307417,12:59:32
1396,1532,-4.31052499,55.88040638,24.598919,12:59:33
1397,1533,-4.3105314,55.8804063,22.225,12:59:33
1398,1534,-4.3105329,55.88041115,13.772226,12:59:34
1399,1535,-4.31055958,55.88041707,12.281586,12:59:35
1400,1536,-4.3105522,55.8804157,19.99,12:59:35
1401,1537,-4.3105243,55.88041924,8.978796,12:59:36
1402,1538,-4.31050894,55.88041814,8.553251,12:59:37
1403,1539,-4.3105124,55.880419,16.248,12:59:37
1404,1540,-4.31052449,55.88042413,8.129446,12:59:38
1405,1541,-4.31052091,55.88043068,7.9433765,12:59:39
1406,1542,-4.3105201,55.8804298,9.943,12:59:39
1407,1543,-4.31050143,55.88043173,7.7811246,12:59:40
1408,1544,-4.31051185,55.88042314,7.1147213,12:59:41
1409,1545,-4.3105091,55.8804254,7.904,12:59:41
1410,1546,-4.31051833,55.88042718,6.721762,12:59:42
1411,1547,-4.31051782,55.88042754,6.2643347,12:59:43
1412,1548,-4.310518,55.8804273,7.165,12:59:43
1413,1549,-4.31052931,55.88042802,5.5983977,12:59:44
1414,1550,-4.31053837,55.88042132,5.295459,12:59:45
1415,1551,-4.3105379,55.8804223,6.462,12:59:45
1416,1552,-4.31054858,55.88042243,5.1517954,12:59:46
1417,1553,-4.31055212,55.88042311,4.8955364,12:59:47
1418,1554,-4.3105528,55.8804228,5.441,12:59:47
1419,1555,-4.31054499,55.88041826,4.7990637,12:59:48
1420,1556,-4.31054441,55.88042018,5.0081477,12:59:49
1421,1557,-4.3105447,55.8804197,5.03,12:59:49
1422,1558,-4.31054444,55.88041789,5.014377,12:59:50
1423,1559,-4.31054463,55.88041841,5.10462,12:59:51
1424,1560,-4.3105444,55.8804182,4.995,12:59:51
1425,1561,-4.31054029,55.88041439,5.0422873,12:59:52
1426,1562,-4.31053394,55.88041131,4.9525657,12:59:53
1427,1563,-4.3105345,55.8804115,5.024,12:59:53
1428,1564,-4.31052885,55.88040932,5.0380983,12:59:54
1429,1565,-4.31053076,55.88040615,4.9680734,12:59:55
1430,1566,-4.3105299,55.8804063,5.02,12:59:55
1431,1567,-4.31052902,55.88040747,5.240604,12:59:56
1432,1568,-4.3105287,55.88040749,5.578012,12:59:57
1433,1569,-4.3105285,55.8804073,5.136,12:59:57
1434,1570,-4.31052616,55.88040887,6.3649135,12:59:58
1435,1571,-4.31052882,55.88040854,6.0077796,12:59:59
1436,1572,-4.3105282,55.8804086,5.632,12:59:59
1437,1573,-4.31052836,55.88040991,5.8443265,13:00:00
1438,1574,-4.3105163,55.8804021,14.624,13:11:39
1439,1575,-4.31033483,55.88050043,15.188906,13:11:40
1440,1576,-4.3104708,55.88061073,12.910501,13:11:41
1441,1577,-4.310438,55.8805696,14.241,13:11:41
1442,1578,-4.31042372,55.88079835,15.042143,13:11:42
1443,1579,-4.31049394,55.88061777,14.121673,13:11:43
1444,1580,-4.3104757,55.880682,14.377,13:11:43
1445,1581,-4.31048891,55.88045785,10.237101,13:11:44
1446,1582,-4.31051421,55.880449,10.744582,13:11:45
1447,1583,-4.3105126,55.8804509,13.041,13:11:45
1448,1584,-4.31050687,55.88044194,10.806935,13:11:46
1449,1585,-4.31050943,55.88044121,10.553229,13:11:47
1450,1586,-4.3105137,55.8804268,11.292,13:11:47
1451,1587,-4.31049961,55.88044087,9.29384,13:11:48
1452,1588,-4.31047378,55.88044563,7.846904,13:11:49
1453,1589,-4.3104793,55.8804414,9.913,13:11:49
1454,1590,-4.31047957,55.88043595,7.0738626,13:11:50
1455,1591,-4.31048521,55.88043288,7.184588,13:11:51
1456,1592,-4.3104822,55.8804332,8.39,13:11:51
1457,1593,-4.31049242,55.88042642,6.7377625,13:11:52
1458,1594,-4.31048727,55.88042739,6.2921524,13:11:53
1459,1595,-4.3104885,55.8804266,7.405,13:11:53
1460,1596,-4.31048772,55.8804238,5.913377,13:11:54
1461,1597,-4.3104911,55.88042358,5.9215255,13:11:55
1462,1598,-4.3104906,55.8804232,6.52,13:11:55
1463,1599,-4.31048373,55.88042821,6.536283,13:11:56
1464,1600,-4.31047925,55.88043022,7.353041,13:11:57
1465,1601,-4.31048,55.8804298,6.403,13:11:57
1466,1602,-4.310478,55.88043061,8.545514,13:11:58
1467,1603,-4.31048035,55.88042974,7.4325013,13:11:59
1468,1604,-4.3104792,55.8804302,7.158,13:11:59
1469,1605,-4.31049144,55.88042539,6.6731896,13:12:00
1470,1606,-4.31048695,55.88042618,6.128169,13:12:01
1471,1607,-4.310488,55.8804259,7.111,13:12:01
1472,1608,-4.31048811,55.88042595,5.7798834,13:12:02
1473,1609,-4.31049114,55.88042553,5.7460513,13:12:03
1474,1610,-4.3104908,55.8804255,6.717,13:12:03
1475,1611,-4.31048982,55.8804238,5.5465336,13:12:04
1476,1612,-4.31048992,55.88042312,5.0629625,13:12:05
1477,1613,-4.31049,55.8804231,5.652,13:12:05
1478,1614,-4.31049044,55.88042497,4.8761363,13:12:06
1479,1615,-4.31049047,55.88042496,4.81316,13:12:07
1480,1616,-4.3104905,55.880425,5.304,13:12:07
1481,1617,-4.31049057,55.88042495,4.9692864,13:12:08
1482,1618,-4.31049086,55.8804247,5.3669925,13:12:09
1483,1619,-4.3104909,55.8804248,5.017,13:12:09
1484,1620,-4.31049279,55.8804239,5.701493,13:12:10
1485,1621,-4.31049685,55.8804229,4.9434967,13:12:11
1486,1622,-4.3104964,55.880423,5.111,13:12:11
1487,1623,-122.084,37.421998333333335,5.0,13:56:28
1488,1624,-4.31046259,55.88025941,12.317705,13:57:20
1489,1625,-4.31067798,55.88029262,10.809833,13:57:21
1490,1626,-4.31071626,55.88027385,10.332412,13:57:22
1491,1627,-4.31060012,55.88033114,9.197015,13:57:23
1492,1628,-4.31056005,55.88033624,6.3381667,13:57:24
1493,1629,-4.31051629,55.88037841,6.1362824,13:57:25
1494,1630,-4.31049554,55.88039363,5.3228035,13:57:26
1495,1631,-4.31048835,55.88038993,5.3712974,13:57:27
1496,1632,-4.31048203,55.88039643,5.0415792,13:57:28
1497,1633,-4.31047005,55.88041771,5.2461987,13:57:29
1498,1634,-4.31047541,55.88041144,5.3628426,13:57:30
1499,1635,-4.31047615,55.88041339,5.098547,13:57:31
1500,1636,-4.31047315,55.88041294,4.8743215,13:57:32
1501,1637,-4.3104621,55.88043044,4.7618876,13:57:33
1502,1638,-4.31044719,55.88045185,4.7782984,13:57:34
1503,1639,-4.310451,55.88045272,4.9042726,13:57:35
1504,1640,-4.31045325,55.8804503,4.82391,13:57:36
1505,1641,-4.31045048,55.88045162,4.678176,13:57:37
1506,1642,-4.31045028,55.88045168,4.5528584,13:57:38
1507,1643,-4.31045424,55.88045004,4.537576,13:57:39
1508,1644,-4.31045429,55.88044998,4.5135922,13:57:40
1509,1645,-4.31045418,55.88044887,4.4706793,13:57:41
1510,1646,-4.31045268,55.88045224,4.709298,13:57:42
1511,1647,-4.31045398,55.88045144,5.1039553,13:57:43
1512,1648,-4.31045393,55.88045167,5.88913,13:57:44
1513,1649,-4.31045395,55.88045176,5.691637,13:57:45
1514,1650,-4.31045389,55.88045196,5.94825,13:57:46
1515,1651,-4.31045386,55.88045207,6.5647655,13:57:47
1516,1652,-4.31045394,55.88045211,7.435535,13:57:48
1517,1653,-4.31045391,55.88045228,6.9954786,13:57:49
1518,1654,-4.31045381,55.88045235,6.699384,13:57:50
1519,1655,-4.31045462,55.88045216,6.3285823,13:57:51
1520,1656,-4.31045459,55.88045221,6.540896,13:57:52
1521,1657,-4.3104545,55.88045227,6.417289,13:57:53
1522,1658,-4.31045579,55.8804519,6.0484037,13:57:54
1523,1659,-4.31045611,55.88045154,5.7219467,13:57:55
1524,1660,-4.31045512,55.88045144,5.2152395,13:57:56
1525,1661,-4.31043662,55.88046011,5.550596,13:57:57
1526,1662,-4.31042639,55.88042753,5.781439,13:57:58
1527,1663,-4.31042396,55.88041865,5.588396,13:57:59
1528,1664,-4.31043926,55.88040769,5.793731,13:58:00
1529,1665,-4.31089721,55.8801611,30.032444,14:17:24
1530,1666,-4.3105268,55.88042634,27.47804,14:18:19
